datetime,temperature,humidity,hour,dayofyear
2023-01-01 00:00:00,15.209432195037518,89.6722565104474,0,1
2023-01-01 01:00:00,29.79634587639342,53.7885610510762,1,1
2023-01-01 02:00:00,23.018736881095336,87.7103223053497,2,1
2023-01-01 03:00:00,29.54335168225105,89.2176020913648,3,1
2023-01-01 04:00:00,31.661735614235408,85.49507650435939,4,1
2023-01-01 05:00:00,34.365857475586154,50.73758446015191,5,1
2023-01-01 06:00:00,34.10769873417694,52.30685025033975,6,1
2023-01-01 07:00:00,29.06357000548205,45.63164641889375,7,1
2023-01-01 08:00:00,27.03278339175621,69.82617184960338,8,1
2023-01-01 09:00:00,32.88942853225822,45.23654528038075,9,1
2023-01-01 10:00:00,20.032517905676407,48.56526881592053,10,1
2023-01-01 11:00:00,23.476757610860755,45.435117198060105,11,1
2023-01-01 12:00:00,34.96659302597791,82.83516148937471,12,1
2023-01-01 13:00:00,24.95521587350648,67.87311480536003,13,1
2023-01-01 14:00:00,27.963826678600963,60.06698086556905,14,1
2023-01-01 15:00:00,21.418314326367312,66.10182966949998,15,1
2023-01-01 16:00:00,25.0707440082954,49.77520745066643,16,1
2023-01-01 17:00:00,33.38648492110782,41.54625953586985,17,1
2023-01-01 18:00:00,26.09356783337593,50.81433777846687,18,1
2023-01-01 19:00:00,28.53945000676644,58.09450432305066,19,1
2023-01-01 20:00:00,25.44287290016168,62.17829214734951,20,1
2023-01-01 21:00:00,22.747847797955,61.39431455754517,21,1
2023-01-01 22:00:00,20.78843434209842,79.25445983157039,22,1
2023-01-01 23:00:00,27.24949763579685,44.10051715915394,23,1
2023-01-02 00:00:00,22.73525255656934,59.17843951775096,0,2
2023-01-02 01:00:00,34.43803220518974,85.79107817668458,1,2
2023-01-02 02:00:00,26.57083294609017,43.02257098253068,2,2
2023-01-02 03:00:00,34.33994241513949,71.64147358794139,3,2
2023-01-02 04:00:00,30.80198411274957,85.54505891181526,4,2
2023-01-02 05:00:00,15.54276639758629,77.8265876706547,5,2
2023-01-02 06:00:00,32.34428979904325,52.9691635166326,6,2
2023-01-02 07:00:00,20.93779448832529,62.72269266711256,7,2
2023-01-02 08:00:00,15.622878045718007,77.07720489197439,8,2
2023-01-02 09:00:00,26.989757122060887,56.26522180047084,9,2
2023-01-02 10:00:00,26.509801052006715,87.338321636346,10,2
2023-01-02 11:00:00,22.17258680291215,62.89560742167768,11,2
2023-01-02 12:00:00,33.92948049721913,74.99280770741206,12,2
2023-01-02 13:00:00,31.87408259914153,57.6014455325948,13,2
2023-01-02 14:00:00,20.679988076565312,65.08351821545423,14,2
2023-01-02 15:00:00,16.982149399204182,42.76491452159775,15,2
2023-01-02 16:00:00,16.130557884976092,52.097275042994994,16,2
2023-01-02 17:00:00,30.0178719445078,85.92088506855485,17,2
2023-01-02 18:00:00,17.663619368989586,84.41874571230912,18,2
2023-01-02 19:00:00,28.69253438429266,89.5627784807948,19,2
2023-01-02 20:00:00,32.209522862712745,56.07014753210058,20,2
2023-01-02 21:00:00,23.27520148954602,83.8190570109569,21,2
2023-01-02 22:00:00,34.373772263070094,65.28743892576138,22,2
2023-01-02 23:00:00,21.684303421826108,51.463340880292535,23,2
2023-01-03 00:00:00,22.532409163833016,55.91775646453424,0,3
2023-01-03 01:00:00,21.930163516398764,50.67995937819237,1,3
2023-01-03 02:00:00,20.23308251612477,69.52533795436402,2,3
2023-01-03 03:00:00,21.479427469774343,54.44088179014358,3,3
2023-01-03 04:00:00,23.23304528173092,65.43795115135555,4,3
2023-01-03 05:00:00,34.33365341977193,54.41518362409167,5,3
2023-01-03 06:00:00,17.16688806996235,51.98086819262825,6,3
2023-01-03 07:00:00,18.672764178111617,43.867428777246914,7,3
2023-01-03 08:00:00,15.912717752824934,84.5333018193295,8,3
2023-01-03 09:00:00,18.30396718175662,57.36119763152045,9,3
2023-01-03 10:00:00,24.399611707810948,64.96421441646234,10,3
2023-01-03 11:00:00,26.15381902991371,56.92607157586613,11,3
2023-01-03 12:00:00,26.448263936718607,76.83958840327823,12,3
2023-01-03 13:00:00,21.98086069316918,66.43576909368294,13,3
2023-01-03 14:00:00,23.354407780768447,70.0285944130425,14,3
2023-01-03 15:00:00,16.189790952114667,85.96573905246622,15,3
2023-01-03 16:00:00,32.43723123433833,41.29269004122594,16,3
2023-01-03 17:00:00,27.43150696800453,44.17326357523528,17,3
2023-01-03 18:00:00,31.966424294034816,64.72163515562124,18,3
2023-01-03 19:00:00,22.105497333442624,42.43115787317552,19,3
2023-01-03 20:00:00,21.51325295625222,70.45310959512719,20,3
2023-01-03 21:00:00,33.52859187637606,85.13347055382184,21,3
2023-01-03 22:00:00,24.293972182408726,77.07591648893677,22,3
2023-01-03 23:00:00,27.692303059086257,54.632477212241646,23,3
2023-01-04 00:00:00,23.39111859293029,79.66550349740388,0,4
2023-01-04 01:00:00,15.373674245471047,56.7547838855552,1,4
2023-01-04 02:00:00,25.289380301607316,56.45810935591729,2,4
2023-01-04 03:00:00,24.23335279750212,62.73662130644047,3,4
2023-01-04 04:00:00,27.189464942952835,79.28701977647233,4,4
2023-01-04 05:00:00,22.45509465899497,54.822276411225786,5,4
2023-01-04 06:00:00,26.60020842207053,50.43109329096256,6,4
2023-01-04 07:00:00,20.066434245555183,80.12941860730771,7,4
2023-01-04 08:00:00,26.862298347450345,87.31553536806292,8,4
2023-01-04 09:00:00,28.735771857029597,88.77085595909966,9,4
2023-01-04 10:00:00,28.587031452754086,72.76117970308917,10,4
2023-01-04 11:00:00,26.64504126436932,67.1993226008804,11,4
2023-01-04 12:00:00,19.19247214262625,53.92811194832501,12,4
2023-01-04 13:00:00,26.19425764557104,66.55858460221543,13,4
2023-01-04 14:00:00,33.37810046879004,48.156953822149646,14,4
2023-01-04 15:00:00,16.639422721355086,75.40356815963784,15,4
2023-01-04 16:00:00,27.854267779942752,43.82548322398773,16,4
2023-01-04 17:00:00,23.99362728788504,55.9760853596817,17,4
2023-01-04 18:00:00,29.44594528645588,54.28396540845983,18,4
2023-01-04 19:00:00,25.065802270805637,66.74805137106905,19,4
2023-01-04 20:00:00,17.83630231083736,83.53664809373677,20,4
2023-01-04 21:00:00,17.517447645290634,51.57196059372818,21,4
2023-01-04 22:00:00,32.25249587656371,48.87744953516294,22,4
2023-01-04 23:00:00,31.43987835403116,82.2319166078864,23,4
2023-01-05 00:00:00,15.50877866599034,62.29286155555314,0,5
2023-01-05 01:00:00,23.61613987417543,69.7651343849032,1,5
2023-01-05 02:00:00,19.231729672493216,42.92970565003781,2,5
2023-01-05 03:00:00,33.924401659327266,63.4250483178068,3,5
2023-01-05 04:00:00,28.09314784357465,68.82376492088076,4,5
2023-01-05 05:00:00,26.58667127206767,70.13785902122575,5,5
2023-01-05 06:00:00,24.984604426789623,82.03836483657358,6,5
2023-01-05 07:00:00,31.01127232920928,57.51389871251843,7,5
2023-01-05 08:00:00,30.893182897940875,46.9508786743755,8,5
2023-01-05 09:00:00,34.381737588535444,58.27264936341589,9,5
2023-01-05 10:00:00,33.64197238628424,67.66558757307935,10,5
2023-01-05 11:00:00,29.81429194751909,82.62225790530249,11,5
2023-01-05 12:00:00,34.440669935920084,79.73205114553701,12,5
2023-01-05 13:00:00,17.013463730744192,51.73730378548149,13,5
2023-01-05 14:00:00,25.93942360252602,73.95755269718526,14,5
2023-01-05 15:00:00,31.205293754483648,66.71105728144825,15,5
2023-01-05 16:00:00,34.882877832783656,46.2184507117915,16,5
2023-01-05 17:00:00,31.222214649026984,70.67294789381037,17,5
2023-01-05 18:00:00,28.32495235667864,53.67305970529537,18,5
2023-01-05 19:00:00,30.280331896575618,78.91553214979999,19,5
2023-01-05 20:00:00,32.01667328442161,49.81885503770839,20,5
2023-01-05 21:00:00,34.675523878869306,79.39966717804414,21,5
2023-01-05 22:00:00,15.842515509814552,55.56867930159567,22,5
2023-01-05 23:00:00,24.34168714066116,64.51935076348452,23,5
2023-01-06 00:00:00,16.429178104460217,70.9489528981519,0,6
2023-01-06 01:00:00,28.176166462333804,76.12975651166428,1,6
2023-01-06 02:00:00,15.43477427855574,42.66066064982445,2,6
2023-01-06 03:00:00,28.520729151594388,56.57680765993475,3,6
2023-01-06 04:00:00,15.178121466871598,42.54490596810901,4,6
2023-01-06 05:00:00,33.28264266402128,70.39887470981513,5,6
2023-01-06 06:00:00,21.670826183005865,57.153450885326194,6,6
2023-01-06 07:00:00,22.504281218001324,77.8851559573517,7,6
2023-01-06 08:00:00,17.310823472324937,79.95690748675926,8,6
2023-01-06 09:00:00,27.79511252433857,69.10953980472863,9,6
2023-01-06 10:00:00,16.955241994797458,84.4712274154897,10,6
2023-01-06 11:00:00,22.062364658779583,58.889392148450106,11,6
2023-01-06 12:00:00,25.74545457819909,67.19756827550476,12,6
2023-01-06 13:00:00,34.52592405959017,85.90158232559659,13,6
2023-01-06 14:00:00,32.7703888940061,79.92412065248436,14,6
2023-01-06 15:00:00,23.510331585866115,52.64444275031961,15,6
2023-01-06 16:00:00,25.40698677251327,81.03765729996142,16,6
2023-01-06 17:00:00,32.415734732173334,72.55504887969418,17,6
2023-01-06 18:00:00,23.507369837542846,74.02549857220396,18,6
2023-01-06 19:00:00,15.719006424513548,44.72551643716419,19,6
2023-01-06 20:00:00,16.12902268702526,72.63779018505949,20,6
2023-01-06 21:00:00,21.06467039814081,43.49840549393022,21,6
2023-01-06 22:00:00,15.821102328269486,41.15499214726345,22,6
2023-01-06 23:00:00,20.582123358962328,48.47655542277612,23,6
2023-01-07 00:00:00,28.36064452389952,77.85601696001129,0,7
2023-01-07 01:00:00,27.362771339086848,51.16788436102418,1,7
2023-01-07 02:00:00,17.9951898967061,74.77296065189798,2,7
2023-01-07 03:00:00,29.669323635576088,58.51863795506665,3,7
2023-01-07 04:00:00,29.42348109916348,68.80433903420189,4,7
2023-01-07 05:00:00,21.49445574979017,73.73120023640989,5,7
2023-01-07 06:00:00,34.41404481034445,80.87544247785499,6,7
2023-01-07 07:00:00,31.263702887920715,79.9894584490259,7,7
2023-01-07 08:00:00,31.81701166174097,63.15352137097741,8,7
2023-01-07 09:00:00,15.423243508193243,42.7437334474428,9,7
2023-01-07 10:00:00,31.39117126172783,78.40805111027436,10,7
2023-01-07 11:00:00,19.168274764916585,78.67939675996078,11,7
2023-01-07 12:00:00,19.830130638278884,64.03377579097915,12,7
2023-01-07 13:00:00,29.399014143301866,59.58408474272726,13,7
2023-01-07 14:00:00,32.5625021501524,51.53591368884928,14,7
2023-01-07 15:00:00,26.054658659621246,47.83580739239726,15,7
2023-01-07 16:00:00,25.666596565531965,85.29205122231875,16,7
2023-01-07 17:00:00,17.909487000316066,69.35618127017808,17,7
2023-01-07 18:00:00,31.61961994180865,51.358212951704765,18,7
2023-01-07 19:00:00,30.233662163656454,83.66603065197903,19,7
2023-01-07 20:00:00,23.344516042045992,49.92372084790055,20,7
2023-01-07 21:00:00,22.803469682824133,80.11669106390772,21,7
2023-01-07 22:00:00,26.671201203545813,88.01620112671358,22,7
2023-01-07 23:00:00,29.489826491836872,45.60385386546875,23,7
2023-01-08 00:00:00,19.73787917269416,63.29622411437488,0,8
2023-01-08 01:00:00,23.80373949519301,80.04049354524226,1,8
2023-01-08 02:00:00,16.205131052515846,65.83638903633815,2,8
2023-01-08 03:00:00,26.8286967378658,62.946456361492366,3,8
2023-01-08 04:00:00,29.053162059223016,56.49713418815907,4,8
2023-01-08 05:00:00,17.55451709851435,60.39419992462987,5,8
2023-01-08 06:00:00,26.320376798591496,85.14728344039229,6,8
2023-01-08 07:00:00,25.372275920334104,81.87278760832154,7,8
2023-01-08 08:00:00,17.807773261041316,75.87979463883367,8,8
2023-01-08 09:00:00,33.05977149031831,56.69185176956319,9,8
2023-01-08 10:00:00,32.34417083196149,82.34281065656823,10,8
2023-01-08 11:00:00,28.84973932163997,45.138736195719005,11,8
2023-01-08 12:00:00,19.558602568483856,62.673431796269895,12,8
2023-01-08 13:00:00,28.45795861013564,87.99876535797296,13,8
2023-01-08 14:00:00,31.25923371099202,54.36469981453665,14,8
2023-01-08 15:00:00,34.07575056720909,86.66482400662687,15,8
2023-01-08 16:00:00,24.63796177729169,85.40844528133567,16,8
2023-01-08 17:00:00,33.35232272373142,86.80732581946188,17,8
2023-01-08 18:00:00,15.343269499091807,65.55597830030942,18,8
2023-01-08 19:00:00,28.48191343065865,45.80200613423791,19,8
2023-01-08 20:00:00,19.512814339636865,88.18024020743994,20,8
2023-01-08 21:00:00,21.05574827912877,45.77368929510524,21,8
2023-01-08 22:00:00,29.14720260615514,43.56741416823685,22,8
2023-01-08 23:00:00,21.508089236460563,73.15877194907705,23,8
2023-01-09 00:00:00,25.802100535123124,41.86012762401661,0,9
2023-01-09 01:00:00,23.32215264821708,57.540297437661806,1,9
2023-01-09 02:00:00,30.654626946967237,68.92179992706288,2,9
2023-01-09 03:00:00,30.03793705567868,40.5445861758834,3,9
2023-01-09 04:00:00,17.422670594550528,72.3719889005034,4,9
2023-01-09 05:00:00,26.910322347948856,47.27076299194784,5,9
2023-01-09 06:00:00,33.27103748767772,79.10050834876404,6,9
2023-01-09 07:00:00,34.2317568622471,69.00991739132525,7,9
2023-01-09 08:00:00,16.887167776379616,58.64479935301479,8,9
2023-01-09 09:00:00,21.380083068470704,55.24151379404996,9,9
2023-01-09 10:00:00,28.908114588262364,55.48333836843943,10,9
2023-01-09 11:00:00,31.80268038903152,46.70427902006693,11,9
2023-01-09 12:00:00,26.017221763316467,87.45982992012337,12,9
2023-01-09 13:00:00,20.71199588659777,53.21787319047056,13,9
2023-01-09 14:00:00,21.05758793921926,66.70977926891335,14,9
2023-01-09 15:00:00,29.119959720584653,42.71432405137568,15,9
2023-01-09 16:00:00,18.289984523016937,84.96030163969289,16,9
2023-01-09 17:00:00,18.562043985715867,88.55518259114365,17,9
2023-01-09 18:00:00,19.52609093500809,68.48659876472874,18,9
2023-01-09 19:00:00,19.03181709586041,49.09053848454007,19,9
2023-01-09 20:00:00,32.402210571057765,70.85506409035438,20,9
2023-01-09 21:00:00,21.596073448495247,44.13927779413907,21,9
2023-01-09 22:00:00,26.43204468590281,88.0538961589767,22,9
2023-01-09 23:00:00,29.07829538027518,65.24463293892737,23,9
2023-01-10 00:00:00,23.51673608939622,89.82307869373335,0,10
2023-01-10 01:00:00,30.92942427211386,67.52618199575404,1,10
2023-01-10 02:00:00,15.419319787471522,44.92235062049911,2,10
2023-01-10 03:00:00,28.54598415997745,83.1715593522749,3,10
2023-01-10 04:00:00,29.88602101220047,87.05145093397749,4,10
2023-01-10 05:00:00,17.269520310931384,42.56967325479055,5,10
2023-01-10 06:00:00,17.79665637064062,63.54066939998304,6,10
2023-01-10 07:00:00,24.91616575549299,87.35889771792733,7,10
2023-01-10 08:00:00,32.43021387921709,50.70286822490882,8,10
2023-01-10 09:00:00,20.6556830987507,89.30257787377099,9,10
2023-01-10 10:00:00,26.96824249739233,40.4158563183177,10,10
2023-01-10 11:00:00,21.114533519370745,79.28748866012495,11,10
2023-01-10 12:00:00,25.63450366203476,40.64993656785882,12,10
2023-01-10 13:00:00,15.903566614107271,82.97692814382421,13,10
2023-01-10 14:00:00,31.76050290644421,76.21433688139196,14,10
2023-01-10 15:00:00,17.339697375707168,76.82780783640933,15,10
2023-01-10 16:00:00,27.452278598780737,48.970063231169775,16,10
2023-01-10 17:00:00,22.960773716077707,72.39668328501621,17,10
2023-01-10 18:00:00,27.924275704940207,63.78852362972288,18,10
2023-01-10 19:00:00,34.66705711324468,61.29508726374684,19,10
2023-01-10 20:00:00,32.84158654913237,73.09263622276487,20,10
2023-01-10 21:00:00,17.365033765859195,57.98212942322587,21,10
2023-01-10 22:00:00,29.44404362874687,57.395906230024,22,10
2023-01-10 23:00:00,16.645839678972585,68.64654803328193,23,10
2023-01-11 00:00:00,28.591389595262832,51.91643349981981,0,11
2023-01-11 01:00:00,34.31223124555517,67.62459974503527,1,11
2023-01-11 02:00:00,29.834231183602306,68.1489707410356,2,11
2023-01-11 03:00:00,25.49248552760635,50.96295653240652,3,11
2023-01-11 04:00:00,34.19952320350174,46.63430216405988,4,11
2023-01-11 05:00:00,19.56194234856464,77.21113360567654,5,11
2023-01-11 06:00:00,28.306346292283703,61.93479768839616,6,11
2023-01-11 07:00:00,32.264964908009446,82.83265944459833,7,11
2023-01-11 08:00:00,25.570620202403543,85.58583970555165,8,11
2023-01-11 09:00:00,19.83140772735834,69.29090734989,9,11
2023-01-11 10:00:00,29.09489806769214,54.62386942967389,10,11
2023-01-11 11:00:00,19.569302164362124,58.92625317197098,11,11
2023-01-11 12:00:00,29.00030477844782,73.23236940967908,12,11
2023-01-11 13:00:00,17.159957570814488,74.3297513101873,13,11
2023-01-11 14:00:00,23.96878261768031,53.99217933731373,14,11
2023-01-11 15:00:00,25.046240280079928,84.15781123782546,15,11
2023-01-11 16:00:00,28.448740088812023,40.63048424746797,16,11
2023-01-11 17:00:00,29.768624697088956,82.84201889005797,17,11
2023-01-11 18:00:00,17.53104332063232,40.11290721447212,18,11
2023-01-11 19:00:00,20.06059360183064,47.15112083222855,19,11
2023-01-11 20:00:00,19.594536308243036,43.29626453354012,20,11
2023-01-11 21:00:00,31.060855493948885,85.58847766229144,21,11
2023-01-11 22:00:00,21.01753030641824,86.68722146792925,22,11
2023-01-11 23:00:00,33.84237080361536,76.3879053416344,23,11
2023-01-12 00:00:00,27.536433882654016,49.43227622284822,0,12
2023-01-12 01:00:00,32.50378930299144,49.70072458907371,1,12
2023-01-12 02:00:00,30.504121641862294,47.43578411916141,2,12
2023-01-12 03:00:00,34.31996290610032,75.23322768587532,3,12
2023-01-12 04:00:00,15.516627346320435,53.32952014687069,4,12
2023-01-12 05:00:00,16.261983829060224,89.12187283693282,5,12
2023-01-12 06:00:00,30.75569275224908,58.0085968513006,6,12
2023-01-12 07:00:00,18.681331319569093,51.39154776189918,7,12
2023-01-12 08:00:00,19.78913927443281,57.16224088184035,8,12
2023-01-12 09:00:00,20.79136580517405,65.6164174868397,9,12
2023-01-12 10:00:00,24.19289700060032,83.2144079028848,10,12
2023-01-12 11:00:00,17.886747279279216,48.38086960896182,11,12
2023-01-12 12:00:00,31.771292981747543,83.25524989995395,12,12
2023-01-12 13:00:00,30.34175274324152,87.60237912624936,13,12
2023-01-12 14:00:00,29.49022114950552,80.3520649329619,14,12
2023-01-12 15:00:00,18.003431735307775,60.3577189623668,15,12
2023-01-12 16:00:00,23.899925606353143,53.95776066699538,16,12
2023-01-12 17:00:00,23.847030759169066,50.23599847471445,17,12
2023-01-12 18:00:00,32.17278578021694,53.58732899457769,18,12
2023-01-12 19:00:00,32.204264178697194,87.6002891417699,19,12
2023-01-12 20:00:00,19.977369148374724,61.14171852550508,20,12
2023-01-12 21:00:00,15.92960888790456,43.395657184112814,21,12
2023-01-12 22:00:00,17.779170119022925,53.12026439042357,22,12
2023-01-12 23:00:00,31.549823980852743,45.93906525408949,23,12
2023-01-13 00:00:00,21.01927837524927,54.83587554264689,0,13
2023-01-13 01:00:00,30.24924858066147,69.13868531680816,1,13
2023-01-13 02:00:00,20.454986156312803,49.3740740785388,2,13
2023-01-13 03:00:00,24.719005009650147,44.598156755851576,3,13
2023-01-13 04:00:00,29.53914355088334,62.91516017978897,4,13
2023-01-13 05:00:00,18.049980835515026,40.8428522471364,5,13
2023-01-13 06:00:00,28.00059645865481,78.73293403809214,6,13
2023-01-13 07:00:00,32.15483278547029,47.830713314989374,7,13
2023-01-13 08:00:00,20.603034926229505,52.417212749626295,8,13
2023-01-13 09:00:00,24.545812985231684,79.9153531703012,9,13
2023-01-13 10:00:00,27.435494474751888,73.96211683459353,10,13
2023-01-13 11:00:00,23.28611405062648,47.54606357333613,11,13
2023-01-13 12:00:00,15.808459833230192,67.82378861169194,12,13
2023-01-13 13:00:00,22.617398849014663,66.99298653878,13,13
2023-01-13 14:00:00,32.947663092541575,80.66752059156855,14,13
2023-01-13 15:00:00,26.936820505130648,85.76030736820013,15,13
2023-01-13 16:00:00,21.32028193855003,42.38423231289287,16,13
2023-01-13 17:00:00,33.71815693829673,78.36003584333343,17,13
2023-01-13 18:00:00,21.608761073126857,48.67512169365644,18,13
2023-01-13 19:00:00,26.35586435219465,42.03133969464269,19,13
2023-01-13 20:00:00,17.334196224164803,61.49752667598972,20,13
2023-01-13 21:00:00,34.1329284660442,48.94320858551251,21,13
2023-01-13 22:00:00,19.091651879672504,83.75926044957951,22,13
2023-01-13 23:00:00,24.57068885062808,74.92422673203944,23,13
2023-01-14 00:00:00,18.02303493402309,70.82339054064147,0,14
2023-01-14 01:00:00,21.798197059764583,72.90672860576598,1,14
2023-01-14 02:00:00,29.38918589571304,50.6739424343044,2,14
2023-01-14 03:00:00,23.191414069163127,78.28280590402085,3,14
2023-01-14 04:00:00,25.471050644114904,60.68476180753375,4,14
2023-01-14 05:00:00,19.339356689462974,57.740618357988495,5,14
2023-01-14 06:00:00,34.73081964069945,54.94654692302968,6,14
2023-01-14 07:00:00,16.155801837401565,74.44496605989147,7,14
2023-01-14 08:00:00,33.96280872912969,74.58376465071574,8,14
2023-01-14 09:00:00,24.271103125581085,55.27781379267228,9,14
2023-01-14 10:00:00,18.18955037582913,80.20638976769993,10,14
2023-01-14 11:00:00,20.052445908324465,83.21642481294114,11,14
2023-01-14 12:00:00,25.86484916236156,78.54611341571427,12,14
2023-01-14 13:00:00,18.115662051213377,58.3352999379814,13,14
2023-01-14 14:00:00,33.16019249912908,89.1008491001096,14,14
2023-01-14 15:00:00,18.737784686530897,67.77957704713037,15,14
2023-01-14 16:00:00,21.47625666113314,43.54837283740821,16,14
2023-01-14 17:00:00,21.328655385702422,46.29789858154904,17,14
2023-01-14 18:00:00,31.454625006377604,53.96505047750816,18,14
2023-01-14 19:00:00,16.956303940342046,51.15096283195215,19,14
2023-01-14 20:00:00,22.750834642306263,48.73531970939585,20,14
2023-01-14 21:00:00,26.265620868188076,40.03838700459943,21,14
2023-01-14 22:00:00,20.76812337530936,68.44761194668507,22,14
2023-01-14 23:00:00,20.70414277449717,47.76596276665475,23,14
2023-01-15 00:00:00,27.70648964038112,59.7468353073874,0,15
2023-01-15 01:00:00,20.5610104554595,67.80327974662539,1,15
2023-01-15 02:00:00,19.75934249124484,84.37481821064266,2,15
2023-01-15 03:00:00,16.75488095213715,84.6134186709867,3,15
2023-01-15 04:00:00,24.171938521589475,79.25322144294185,4,15
2023-01-15 05:00:00,15.848188834862356,82.36711704962659,5,15
2023-01-15 06:00:00,22.631112977067797,47.80425188630535,6,15
2023-01-15 07:00:00,22.522602492970957,84.52166307067937,7,15
2023-01-15 08:00:00,21.883933866051628,75.44522140471,8,15
2023-01-15 09:00:00,33.24784079290838,51.01078221077709,9,15
2023-01-15 10:00:00,33.351758240798915,81.73990381191807,10,15
2023-01-15 11:00:00,33.75558632436899,71.03349438161669,11,15
2023-01-15 12:00:00,24.64065129191159,69.5713580392557,12,15
2023-01-15 13:00:00,24.448316562233884,48.09987538854507,13,15
2023-01-15 14:00:00,31.108420208135016,71.89375215032186,14,15
2023-01-15 15:00:00,18.459679699999448,47.81706430178031,15,15
2023-01-15 16:00:00,23.257705720852112,62.6299672970823,16,15
2023-01-15 17:00:00,30.24345411345343,48.341542187576586,17,15
2023-01-15 18:00:00,33.01486763803524,71.7761537529337,18,15
2023-01-15 19:00:00,29.149020371566422,54.90792866163244,19,15
2023-01-15 20:00:00,24.54893714028875,66.73956943876479,20,15
2023-01-15 21:00:00,29.236127668551816,44.71418885270526,21,15
2023-01-15 22:00:00,26.765085205346907,74.51245646664339,22,15
2023-01-15 23:00:00,23.4329546427766,64.07827259370723,23,15
2023-01-16 00:00:00,16.429371544785347,86.24950619440065,0,16
2023-01-16 01:00:00,31.652304187925072,42.81516914227032,1,16
2023-01-16 02:00:00,17.819230064701582,66.74073448257965,2,16
2023-01-16 03:00:00,28.993965086949487,59.68908241826784,3,16
2023-01-16 04:00:00,20.08351037347257,45.75258437149891,4,16
2023-01-16 05:00:00,32.44280306146567,70.47068659418433,5,16
2023-01-16 06:00:00,19.9116818361334,70.63804249893775,6,16
2023-01-16 07:00:00,20.641800705985183,58.36580163522931,7,16
2023-01-16 08:00:00,31.21152555346624,71.9440622781269,8,16
2023-01-16 09:00:00,22.9022770317168,75.94905290796385,9,16
2023-01-16 10:00:00,34.206905336926454,52.20552662377667,10,16
2023-01-16 11:00:00,16.040141321925873,63.30194934945385,11,16
2023-01-16 12:00:00,23.29018620311228,82.57065350312088,12,16
2023-01-16 13:00:00,26.20375743276955,51.59618173691672,13,16
2023-01-16 14:00:00,23.43863090277397,51.970083785134506,14,16
2023-01-16 15:00:00,29.685038821064325,67.56761207312655,15,16
2023-01-16 16:00:00,34.26415604223092,53.97533419073369,16,16
2023-01-16 17:00:00,22.124425134828176,55.86620789089001,17,16
2023-01-16 18:00:00,26.247113573063885,53.46251419912859,18,16
2023-01-16 19:00:00,21.685041411775817,55.18830025630592,19,16
2023-01-16 20:00:00,27.53546069246207,79.8368488308077,20,16
2023-01-16 21:00:00,27.587429041413323,50.0136354603322,21,16
2023-01-16 22:00:00,34.308814751113886,62.016267742783846,22,16
2023-01-16 23:00:00,32.406732366481776,52.72620436369107,23,16
2023-01-17 00:00:00,26.171915878266475,75.88722326816864,0,17
2023-01-17 01:00:00,20.214557372536547,66.58646741549514,1,17
2023-01-17 02:00:00,30.80873450716297,87.63200147298815,2,17
2023-01-17 03:00:00,21.58330674847989,59.309542009914665,3,17
2023-01-17 04:00:00,34.09857293908176,81.54841657822394,4,17
2023-01-17 05:00:00,26.34050352858508,73.21414010219291,5,17
2023-01-17 06:00:00,25.678579642284607,41.08107913231418,6,17
2023-01-17 07:00:00,34.765679663390706,73.8443006416044,7,17
2023-01-17 08:00:00,24.22877011881977,66.71325858674138,8,17
2023-01-17 09:00:00,16.428955873270567,40.13946902589601,9,17
2023-01-17 10:00:00,33.463879700207784,42.49756499299996,10,17
2023-01-17 11:00:00,19.996320255498567,50.18762738604333,11,17
2023-01-17 12:00:00,20.93610430896789,65.06704293860881,12,17
2023-01-17 13:00:00,24.5490612900684,55.16492033473482,13,17
2023-01-17 14:00:00,28.71516885095432,50.3862831163135,14,17
2023-01-17 15:00:00,24.40882144884792,80.59949676673284,15,17
2023-01-17 16:00:00,15.804561531956676,87.39143874886233,16,17
2023-01-17 17:00:00,34.078330737948505,79.88845661400663,17,17
2023-01-17 18:00:00,32.27042731179937,42.177191026885176,18,17
2023-01-17 19:00:00,33.51529447140535,84.49854217977794,19,17
2023-01-17 20:00:00,15.886674093599847,59.93743372870814,20,17
2023-01-17 21:00:00,15.951742568593389,76.63916856625934,21,17
2023-01-17 22:00:00,32.89459001572943,80.127734327199,22,17
2023-01-17 23:00:00,23.08188953893413,82.26071565000635,23,17
2023-01-18 00:00:00,22.23275767319061,76.61348850456193,0,18
2023-01-18 01:00:00,28.19859939475485,69.39822486949264,1,18
2023-01-18 02:00:00,33.70659017347446,50.82578406288131,2,18
2023-01-18 03:00:00,26.95847131588368,70.15636942305244,3,18
2023-01-18 04:00:00,28.39032785675287,47.786801884778725,4,18
2023-01-18 05:00:00,19.24187793842058,80.4036838613087,5,18
2023-01-18 06:00:00,29.15410148270697,67.15803799632299,6,18
2023-01-18 07:00:00,24.385959330155696,68.17251163471764,7,18
2023-01-18 08:00:00,23.79480512300431,62.1127954449055,8,18
2023-01-18 09:00:00,34.344766863497966,71.87744118548272,9,18
2023-01-18 10:00:00,27.662811044810084,61.024547539959215,10,18
2023-01-18 11:00:00,27.569097358064862,56.35259465924388,11,18
2023-01-18 12:00:00,25.09082657235629,44.769860146988776,12,18
2023-01-18 13:00:00,15.198791237660918,83.25489340468908,13,18
2023-01-18 14:00:00,29.48467358578416,76.6741732846504,14,18
2023-01-18 15:00:00,31.393408422022443,50.34438598741922,15,18
2023-01-18 16:00:00,18.992879212245185,83.76390605090003,16,18
2023-01-18 17:00:00,21.35600438708337,67.09386711486673,17,18
2023-01-18 18:00:00,29.371663699159285,83.67298778944328,18,18
2023-01-18 19:00:00,29.261109540096356,83.72798163547556,19,18
2023-01-18 20:00:00,23.238480307053468,43.88855779069196,20,18
2023-01-18 21:00:00,24.53119561755869,48.79786145619002,21,18
2023-01-18 22:00:00,33.57491865960676,47.01709736847299,22,18
2023-01-18 23:00:00,28.55005222173273,40.96218757507386,23,18
2023-01-19 00:00:00,20.561025390236303,40.36969687634087,0,19
2023-01-19 01:00:00,15.797982818787576,64.95355915728383,1,19
2023-01-19 02:00:00,16.653215926883483,81.88842992205055,2,19
2023-01-19 03:00:00,31.0502704996864,43.19871417964326,3,19
2023-01-19 04:00:00,27.355480584805,80.69281720088526,4,19
2023-01-19 05:00:00,26.641258137467723,60.69021670398824,5,19
2023-01-19 06:00:00,21.753323745497383,78.63349989932708,6,19
2023-01-19 07:00:00,21.27445584665864,86.55440793097006,7,19
2023-01-19 08:00:00,20.9346383152859,50.15632345701307,8,19
2023-01-19 09:00:00,34.2946458697559,49.17818616177891,9,19
2023-01-19 10:00:00,20.60054663603417,64.24907344078804,10,19
2023-01-19 11:00:00,17.683471210230095,63.5618517991435,11,19
2023-01-19 12:00:00,23.55284511826801,70.4756563218432,12,19
2023-01-19 13:00:00,33.00229922129108,85.86032800714953,13,19
2023-01-19 14:00:00,22.289357419359824,41.20052605177076,14,19
2023-01-19 15:00:00,25.17937176466189,62.43348849275179,15,19
2023-01-19 16:00:00,32.70889342718304,47.54221676643499,16,19
2023-01-19 17:00:00,32.609272694922225,58.5831043071128,17,19
2023-01-19 18:00:00,25.782293003386577,57.940427480059,18,19
2023-01-19 19:00:00,27.087425366123604,72.33986744056244,19,19
2023-01-19 20:00:00,26.793747711670875,80.06669160634578,20,19
2023-01-19 21:00:00,30.344072274056018,52.34540018121598,21,19
2023-01-19 22:00:00,29.431762614531397,68.59317833414048,22,19
2023-01-19 23:00:00,31.34748355246362,65.22171621806237,23,19
2023-01-20 00:00:00,20.661806940442183,41.73565881864652,0,20
2023-01-20 01:00:00,19.47844616340025,58.11824230566386,1,20
2023-01-20 02:00:00,15.887158919446458,44.31720968175367,2,20
2023-01-20 03:00:00,25.053392305984417,58.254118797945424,3,20
2023-01-20 04:00:00,25.696835638357094,65.4997205037493,4,20
2023-01-20 05:00:00,34.52785132288241,46.31804320638092,5,20
2023-01-20 06:00:00,21.499841342873463,73.86803975653925,6,20
2023-01-20 07:00:00,26.22997851833404,48.69726721971042,7,20
2023-01-20 08:00:00,26.018597702846662,76.85091918300907,8,20
2023-01-20 09:00:00,24.030189766139696,61.09267232554819,9,20
2023-01-20 10:00:00,18.3028059921574,80.36311987741445,10,20
2023-01-20 11:00:00,16.695973051825423,62.021215835171134,11,20
2023-01-20 12:00:00,31.04039760931285,87.12373387837485,12,20
2023-01-20 13:00:00,28.933523581848583,42.42033383378772,13,20
2023-01-20 14:00:00,15.505925098991302,76.72225041794735,14,20
2023-01-20 15:00:00,22.04374071471284,57.92914922846631,15,20
2023-01-20 16:00:00,15.601925614583587,52.2651146997712,16,20
2023-01-20 17:00:00,24.012581160137728,55.68323140891809,17,20
2023-01-20 18:00:00,26.98297429136514,80.47570810847967,18,20
2023-01-20 19:00:00,34.47631144102856,57.71593694064682,19,20
2023-01-20 20:00:00,29.078555025566267,84.4986114216018,20,20
2023-01-20 21:00:00,22.726374033655723,69.98944137852354,21,20
2023-01-20 22:00:00,32.60393050815106,61.7160617355556,22,20
2023-01-20 23:00:00,32.643542051433045,52.29028993149931,23,20
2023-01-21 00:00:00,22.967714811444772,48.1577380118585,0,21
2023-01-21 01:00:00,28.0339708350416,68.64572490256822,1,21
2023-01-21 02:00:00,18.536953940609788,40.20003662704002,2,21
2023-01-21 03:00:00,34.97604633649322,49.887467204142425,3,21
2023-01-21 04:00:00,17.880257535569505,44.12577803412776,4,21
2023-01-21 05:00:00,29.001465109765405,60.01009124131231,5,21
2023-01-21 06:00:00,29.33078744484991,48.80664688549344,6,21
2023-01-21 07:00:00,30.82545091693204,70.92766568396601,7,21
2023-01-21 08:00:00,22.947356865059724,84.69269241896484,8,21
2023-01-21 09:00:00,24.84666129774203,80.42376037721914,9,21
2023-01-21 10:00:00,28.26831699677883,42.72691992663479,10,21
2023-01-21 11:00:00,34.62565902240297,76.21130872682464,11,21
2023-01-21 12:00:00,34.49645809468131,85.90244460975526,12,21
2023-01-21 13:00:00,33.91227250278594,81.89299529043885,13,21
2023-01-21 14:00:00,24.661169315576984,59.86982216196887,14,21
2023-01-21 15:00:00,26.02115646447113,42.9974981361552,15,21
2023-01-21 16:00:00,15.721715503120649,75.6283580390171,16,21
2023-01-21 17:00:00,33.76150112952567,82.46489185870902,17,21
2023-01-21 18:00:00,30.516743260226157,74.56718529768217,18,21
2023-01-21 19:00:00,19.947767826139188,55.0208129136544,19,21
2023-01-21 20:00:00,34.68085158274944,85.41084230277102,20,21
2023-01-21 21:00:00,33.0615220617392,88.50081561596738,21,21
2023-01-21 22:00:00,24.35832643543449,47.66542816696112,22,21
2023-01-21 23:00:00,34.08934932144456,89.01499985043348,23,21
2023-01-22 00:00:00,33.33285142790281,44.965269881358246,0,22
2023-01-22 01:00:00,33.74215214100936,72.76040990963502,1,22
2023-01-22 02:00:00,33.92839118823943,86.64125025686317,2,22
2023-01-22 03:00:00,17.28341863289609,56.49613730294392,3,22
2023-01-22 04:00:00,15.84740922482472,60.76101785897889,4,22
2023-01-22 05:00:00,18.37727531218341,50.03043319687049,5,22
2023-01-22 06:00:00,26.37118453060019,40.22026586496415,6,22
2023-01-22 07:00:00,29.543741481592612,45.90324621642756,7,22
2023-01-22 08:00:00,26.562876406545207,89.38324451429659,8,22
2023-01-22 09:00:00,15.105267098802692,57.23383318012368,9,22
2023-01-22 10:00:00,27.33750262368249,60.50221745494683,10,22
2023-01-22 11:00:00,19.139900673237257,50.62780924332214,11,22
2023-01-22 12:00:00,20.198915441406264,81.14992769798553,12,22
2023-01-22 13:00:00,34.50847474828693,55.01935689465704,13,22
2023-01-22 14:00:00,30.727559994706485,45.23704242303765,14,22
2023-01-22 15:00:00,31.86714809128737,41.42424355683493,15,22
2023-01-22 16:00:00,25.724123906230325,56.71890107674347,16,22
2023-01-22 17:00:00,21.140590970883476,51.76556700809187,17,22
2023-01-22 18:00:00,30.114970818903707,67.53030216858296,18,22
2023-01-22 19:00:00,33.21800273400572,79.33612199654556,19,22
2023-01-22 20:00:00,34.3469077213346,87.24773402552505,20,22
2023-01-22 21:00:00,15.8517372717729,83.42862519084116,21,22
2023-01-22 22:00:00,29.74629136454184,67.01389865364416,22,22
2023-01-22 23:00:00,23.22792520490177,77.36478524067817,23,22
2023-01-23 00:00:00,27.196680703771897,89.73719350206662,0,23
2023-01-23 01:00:00,25.80638243543587,85.84570023795472,1,23
2023-01-23 02:00:00,16.108841584592607,81.0723130919757,2,23
2023-01-23 03:00:00,16.608752074830974,89.36924165959122,3,23
2023-01-23 04:00:00,18.222103585849798,64.4094611738347,4,23
2023-01-23 05:00:00,26.222746265934973,87.3770843528363,5,23
2023-01-23 06:00:00,24.29789649205684,80.63094067894055,6,23
2023-01-23 07:00:00,25.70295515040039,86.36836058954964,7,23
2023-01-23 08:00:00,23.502908684250883,40.14564400193356,8,23
2023-01-23 09:00:00,19.87705850330097,74.5852716628523,9,23
2023-01-23 10:00:00,17.67421027548608,72.7251914072994,10,23
2023-01-23 11:00:00,16.924151396651,79.58640922003269,11,23
2023-01-23 12:00:00,21.797221252583263,76.09836169539473,12,23
2023-01-23 13:00:00,17.98030718363147,54.66623538468642,13,23
2023-01-23 14:00:00,21.920956083296943,58.65075111020963,14,23
2023-01-23 15:00:00,33.216257613469665,71.37077557679973,15,23
2023-01-23 16:00:00,17.753055827583825,88.81497356425771,16,23
2023-01-23 17:00:00,29.51408929776143,70.8201365528296,17,23
2023-01-23 18:00:00,30.13610611733836,51.36588201520708,18,23
2023-01-23 19:00:00,26.88449952440083,75.28488002973316,19,23
2023-01-23 20:00:00,34.00190008023607,60.05671078457912,20,23
2023-01-23 21:00:00,18.815524307235883,62.62092216069004,21,23
2023-01-23 22:00:00,20.55116310628996,51.63720040229262,22,23
2023-01-23 23:00:00,33.1706415323369,88.1328349523144,23,23
2023-01-24 00:00:00,17.977624393262932,48.96890650628311,0,24
2023-01-24 01:00:00,30.92308451621379,85.99853140796867,1,24
2023-01-24 02:00:00,27.882243890633383,45.920373777365306,2,24
2023-01-24 03:00:00,25.63894931135,75.32875532181598,3,24
2023-01-24 04:00:00,30.15962003557503,66.47127813277632,4,24
2023-01-24 05:00:00,29.42031062245817,47.63737761970503,5,24
2023-01-24 06:00:00,25.193439173582945,57.53359494287783,6,24
2023-01-24 07:00:00,17.139884241240924,55.9891699504723,7,24
2023-01-24 08:00:00,19.903336286642144,49.16442901151279,8,24
2023-01-24 09:00:00,24.016855075484408,50.80748630435972,9,24
2023-01-24 10:00:00,33.61195783616102,82.36439600863042,10,24
2023-01-24 11:00:00,31.59033623628449,43.87917957486971,11,24
2023-01-24 12:00:00,18.677247544881745,60.815386910881145,12,24
2023-01-24 13:00:00,30.167864815811267,78.35701534579627,13,24
2023-01-24 14:00:00,31.961609709844478,50.80377873774407,14,24
2023-01-24 15:00:00,31.49111532193499,80.5222953242966,15,24
2023-01-24 16:00:00,19.306776927883035,66.16398103567478,16,24
2023-01-24 17:00:00,23.44844395176071,59.34751310152201,17,24
2023-01-24 18:00:00,18.34325954739375,72.91781346253879,18,24
2023-01-24 19:00:00,30.069501996949118,48.05785076788315,19,24
2023-01-24 20:00:00,17.966249689296415,48.84833311877183,20,24
2023-01-24 21:00:00,27.544257455006157,63.35732325190728,21,24
2023-01-24 22:00:00,16.06578701103573,66.00992704602592,22,24
2023-01-24 23:00:00,25.03608291895508,75.05512837130027,23,24
2023-01-25 00:00:00,22.20822889783337,53.913525549166565,0,25
2023-01-25 01:00:00,15.009213032944002,57.44603898778153,1,25
2023-01-25 02:00:00,28.060881692558592,58.00922295293054,2,25
2023-01-25 03:00:00,32.95182808743054,61.647160590217325,3,25
2023-01-25 04:00:00,34.24387051421979,89.37240148255292,4,25
2023-01-25 05:00:00,17.419033624217487,47.89544108484221,5,25
2023-01-25 06:00:00,23.70107269419509,66.30769274537393,6,25
2023-01-25 07:00:00,24.151439224104763,47.65311087696045,7,25
2023-01-25 08:00:00,26.49654438441788,70.47107914613488,8,25
2023-01-25 09:00:00,23.428420521155044,51.72133074813368,9,25
2023-01-25 10:00:00,16.95196190582268,57.95656672765408,10,25
2023-01-25 11:00:00,21.73146006130243,50.04950144516329,11,25
2023-01-25 12:00:00,15.383263688555909,50.23225240917658,12,25
2023-01-25 13:00:00,27.47520682597172,81.62168033713778,13,25
2023-01-25 14:00:00,34.99813366265475,80.2329824307952,14,25
2023-01-25 15:00:00,26.71578645768713,55.2774745493796,15,25
2023-01-25 16:00:00,31.21382215970046,75.82389952090105,16,25
2023-01-25 17:00:00,27.889502909168336,45.192550195159335,17,25
2023-01-25 18:00:00,21.241474248248927,69.1653083197319,18,25
2023-01-25 19:00:00,16.045917549199494,44.99076683597924,19,25
2023-01-25 20:00:00,34.60728884513736,41.61272552294744,20,25
2023-01-25 21:00:00,24.019876025362272,74.58821132699205,21,25
2023-01-25 22:00:00,30.563142534854396,61.27829644671995,22,25
2023-01-25 23:00:00,17.759168304424517,57.00766932016644,23,25
2023-01-26 00:00:00,31.0988279169792,45.80340612356555,0,26
2023-01-26 01:00:00,19.27916099853546,48.714645034194085,1,26
2023-01-26 02:00:00,25.446494043064185,56.883208952115695,2,26
2023-01-26 03:00:00,34.258912759502955,41.13671724786692,3,26
2023-01-26 04:00:00,26.24847660909237,71.1448389815376,4,26
2023-01-26 05:00:00,20.044780860592944,71.18563690956103,5,26
2023-01-26 06:00:00,24.266614435866515,79.14458322617185,6,26
2023-01-26 07:00:00,17.888919536986,71.8376787862604,7,26
2023-01-26 08:00:00,23.072384200066004,54.52405034545677,8,26
2023-01-26 09:00:00,33.27314464318343,60.43290433671614,9,26
2023-01-26 10:00:00,30.77303685400798,80.96512205808668,10,26
2023-01-26 11:00:00,31.571224016285115,76.39632376938921,11,26
2023-01-26 12:00:00,21.56206609397509,46.55592588200126,12,26
2023-01-26 13:00:00,28.36352312099165,85.98813226409482,13,26
2023-01-26 14:00:00,30.483785470190146,78.44137424629284,14,26
2023-01-26 15:00:00,24.380247410154585,81.564795582697,15,26
2023-01-26 16:00:00,28.708909040054465,63.819290924155126,16,26
2023-01-26 17:00:00,23.78281873471994,73.98661612207326,17,26
2023-01-26 18:00:00,20.560683158939117,70.24277404486473,18,26
2023-01-26 19:00:00,34.897234664038166,87.45558426404048,19,26
2023-01-26 20:00:00,30.12288470059691,70.55181154037702,20,26
2023-01-26 21:00:00,23.057735684332364,86.36531771951384,21,26
2023-01-26 22:00:00,31.07095304771619,43.796185559665865,22,26
2023-01-26 23:00:00,21.42767942012381,61.72774556025709,23,26
2023-01-27 00:00:00,18.301923405142045,81.86413294164048,0,27
2023-01-27 01:00:00,19.144670945048148,47.0309878118636,1,27
2023-01-27 02:00:00,18.198911500574045,81.76066139179906,2,27
2023-01-27 03:00:00,34.1749085688882,89.32837311882544,3,27
2023-01-27 04:00:00,19.858694023600076,46.785291978225125,4,27
2023-01-27 05:00:00,19.28202601724955,41.96822416385912,5,27
2023-01-27 06:00:00,22.713524784388877,73.91744389199408,6,27
2023-01-27 07:00:00,29.68468228052516,54.52908337707813,7,27
2023-01-27 08:00:00,27.55229555322282,85.47221084353231,8,27
2023-01-27 09:00:00,34.19147073023389,69.2421549971532,9,27
2023-01-27 10:00:00,30.85760781280532,60.9130987827518,10,27
2023-01-27 11:00:00,20.249075064299625,80.72489999174479,11,27
2023-01-27 12:00:00,31.88780554618036,64.21363138012875,12,27
2023-01-27 13:00:00,17.354385105065877,44.12298433898007,13,27
2023-01-27 14:00:00,28.348351128982408,56.83939453098247,14,27
2023-01-27 15:00:00,15.201990236786514,53.74753591386515,15,27
2023-01-27 16:00:00,16.294010859156536,67.38597514421276,16,27
2023-01-27 17:00:00,31.83912274657821,52.01135259958956,17,27
2023-01-27 18:00:00,30.74845213076185,48.89326760050292,18,27
2023-01-27 19:00:00,32.72170903828103,74.22389636191409,19,27
2023-01-27 20:00:00,27.410775882298346,77.37606081105412,20,27
2023-01-27 21:00:00,15.546170265766824,59.51978831991362,21,27
2023-01-27 22:00:00,34.8885815291451,45.480836566466415,22,27
2023-01-27 23:00:00,34.9629817078089,89.97456883715495,23,27
2023-01-28 00:00:00,19.620222641668832,52.78853024890322,0,28
2023-01-28 01:00:00,30.91000264819706,88.21257450480911,1,28
2023-01-28 02:00:00,25.55800563196613,71.81873553190425,2,28
2023-01-28 03:00:00,15.38733852173344,74.21880428218691,3,28
2023-01-28 04:00:00,33.47789053132751,53.144112579177374,4,28
2023-01-28 05:00:00,24.96530653067928,87.10286074010905,5,28
2023-01-28 06:00:00,33.78341638166352,44.99862209260086,6,28
2023-01-28 07:00:00,34.248426530984915,66.04797722796539,7,28
2023-01-28 08:00:00,17.52175898527924,56.52393768775909,8,28
2023-01-28 09:00:00,20.602871894279225,42.225427827240175,9,28
2023-01-28 10:00:00,23.51501191242511,74.20902254979868,10,28
2023-01-28 11:00:00,31.68514987228538,54.41221567842789,11,28
2023-01-28 12:00:00,28.18063371507819,89.31749866504708,12,28
2023-01-28 13:00:00,17.539704867410414,72.34356956091321,13,28
2023-01-28 14:00:00,18.42680541283705,64.99276602217137,14,28
2023-01-28 15:00:00,24.256199916446413,66.72606815836613,15,28
2023-01-28 16:00:00,24.23037529692777,63.65418971800996,16,28
2023-01-28 17:00:00,21.438537149778742,54.45938165056764,17,28
2023-01-28 18:00:00,17.48025832640807,65.1926383564662,18,28
2023-01-28 19:00:00,17.055770302965897,62.56459721179537,19,28
2023-01-28 20:00:00,21.290768027092565,87.81575350480094,20,28
2023-01-28 21:00:00,33.15669630099249,66.52960650187144,21,28
2023-01-28 22:00:00,18.499587418981463,77.1538801287115,22,28
2023-01-28 23:00:00,33.78443913431195,52.47867793014315,23,28
2023-01-29 00:00:00,17.92126348367165,43.54301969954999,0,29
2023-01-29 01:00:00,26.057674178697795,86.90145013131954,1,29
2023-01-29 02:00:00,24.193075962388864,56.639873986400175,2,29
2023-01-29 03:00:00,15.572952402123992,62.55834091818534,3,29
2023-01-29 04:00:00,33.11154053664404,72.44019353408613,4,29
2023-01-29 05:00:00,31.876592562421617,66.13880191651691,5,29
2023-01-29 06:00:00,22.574794672336644,81.88389236446619,6,29
2023-01-29 07:00:00,29.224004148748044,87.66186146880153,7,29
2023-01-29 08:00:00,21.90844588697774,61.87681923572941,8,29
2023-01-29 09:00:00,25.339163623861975,69.02484103783195,9,29
2023-01-29 10:00:00,17.042074913863537,42.56038539149728,10,29
2023-01-29 11:00:00,22.25394861348062,62.33995488750336,11,29
2023-01-29 12:00:00,16.29999814425486,84.01071983069764,12,29
2023-01-29 13:00:00,29.54264781110487,84.3091142446457,13,29
2023-01-29 14:00:00,22.941123166313574,88.06723202947552,14,29
2023-01-29 15:00:00,27.66539662595964,83.50085558501837,15,29
2023-01-29 16:00:00,23.51479917834072,89.42165414036677,16,29
2023-01-29 17:00:00,28.70558268222993,88.72857776927486,17,29
2023-01-29 18:00:00,32.40180620975685,69.02652658914909,18,29
2023-01-29 19:00:00,34.7680208380752,50.86104844879638,19,29
2023-01-29 20:00:00,18.1444544298268,49.48608520665843,20,29
2023-01-29 21:00:00,31.962289516261468,71.21712589594111,21,29
2023-01-29 22:00:00,34.13151894738414,57.77474114003256,22,29
2023-01-29 23:00:00,23.488403134524667,50.8028258472135,23,29
2023-01-30 00:00:00,15.706626508571288,73.0325853806221,0,30
2023-01-30 01:00:00,30.125653676536075,68.29150105676635,1,30
2023-01-30 02:00:00,34.220873009131054,89.96824970491309,2,30
2023-01-30 03:00:00,21.105013947836785,81.2804218324933,3,30
2023-01-30 04:00:00,21.06516359702878,80.82991523260439,4,30
2023-01-30 05:00:00,16.81244321922058,58.9576172221267,5,30
2023-01-30 06:00:00,24.36490203545594,74.77710605041011,6,30
2023-01-30 07:00:00,17.730012764620028,80.29780875016576,7,30
2023-01-30 08:00:00,17.987232784485037,59.387141192829006,8,30
2023-01-30 09:00:00,29.229334625758337,47.23197527042452,9,30
2023-01-30 10:00:00,18.114150402316803,85.63480019745042,10,30
2023-01-30 11:00:00,33.718592206532485,79.70555836411981,11,30
2023-01-30 12:00:00,34.303421909878686,65.3284345112296,12,30
2023-01-30 13:00:00,25.50163283831303,68.10597418272947,13,30
2023-01-30 14:00:00,29.93103964425316,40.61435686516429,14,30
2023-01-30 15:00:00,25.74129145373729,57.85278285819688,15,30
2023-01-30 16:00:00,16.368632188721644,76.97170904412084,16,30
2023-01-30 17:00:00,16.212206554418668,56.60540868929442,17,30
2023-01-30 18:00:00,23.154087468571667,73.53905847589255,18,30
2023-01-30 19:00:00,26.021646497655603,72.06853833613323,19,30
2023-01-30 20:00:00,25.84799120960267,41.31410933854517,20,30
2023-01-30 21:00:00,15.420796571858872,50.47230598488747,21,30
2023-01-30 22:00:00,16.829756105868338,80.2364052139387,22,30
2023-01-30 23:00:00,18.702573100882866,52.32080280300618,23,30
2023-01-31 00:00:00,19.599552240523803,73.57013858417201,0,31
2023-01-31 01:00:00,25.002197922423008,52.8376102266641,1,31
2023-01-31 02:00:00,31.48212950949381,59.91698868135143,2,31
2023-01-31 03:00:00,27.35518185188362,48.31763171252587,3,31
2023-01-31 04:00:00,31.73109588953671,55.81069222419347,4,31
2023-01-31 05:00:00,18.069013542294105,89.22051146363657,5,31
2023-01-31 06:00:00,32.43988236856475,75.49105060552247,6,31
2023-01-31 07:00:00,32.02629323938866,75.57606828472917,7,31
2023-01-31 08:00:00,34.766663835284376,43.55192637505174,8,31
2023-01-31 09:00:00,17.958537375471803,40.48276001033095,9,31
2023-01-31 10:00:00,19.065786303590052,45.12650772729359,10,31
2023-01-31 11:00:00,23.23216157465177,59.89456984666465,11,31
2023-01-31 12:00:00,32.98665072147716,85.14617301820013,12,31
2023-01-31 13:00:00,29.82272836573604,76.10075565764663,13,31
2023-01-31 14:00:00,26.770584554810664,57.40847014708952,14,31
2023-01-31 15:00:00,23.382878547138223,58.0494902290754,15,31
2023-01-31 16:00:00,20.52897558656571,77.51760555610721,16,31
2023-01-31 17:00:00,27.78086044205553,51.447934776886,17,31
2023-01-31 18:00:00,30.803937759458503,88.22019985417158,18,31
2023-01-31 19:00:00,18.09608814751263,69.0974966865158,19,31
2023-01-31 20:00:00,22.39053491022432,84.54000929498602,20,31
2023-01-31 21:00:00,33.34188544137265,85.57668361659685,21,31
2023-01-31 22:00:00,25.49026057877404,52.4817069216884,22,31
2023-01-31 23:00:00,31.01460478083013,67.58949007767183,23,31
2023-02-01 00:00:00,25.922511764849023,71.37885576276622,0,32
2023-02-01 01:00:00,31.269894828383904,76.22014289388284,1,32
2023-02-01 02:00:00,32.27040991334646,74.32582159933244,2,32
2023-02-01 03:00:00,18.16720916851472,84.10962454420498,3,32
2023-02-01 04:00:00,34.00076777453528,52.15576927474712,4,32
2023-02-01 05:00:00,16.105416033826195,50.30480450413329,5,32
2023-02-01 06:00:00,27.643151908162835,76.6469177468276,6,32
2023-02-01 07:00:00,22.715396890644648,74.02142282810266,7,32
2023-02-01 08:00:00,25.76716991268102,54.03920559559728,8,32
2023-02-01 09:00:00,16.472299021436232,49.104985180841055,9,32
2023-02-01 10:00:00,16.958975594832367,45.36828966321799,10,32
2023-02-01 11:00:00,28.579619202253628,78.5631922051399,11,32
2023-02-01 12:00:00,18.12264688352258,43.90346599970062,12,32
2023-02-01 13:00:00,32.71219527194266,78.65285086719906,13,32
2023-02-01 14:00:00,29.125222691209267,87.59581101111107,14,32
2023-02-01 15:00:00,32.63785626459473,83.39916025003146,15,32
2023-02-01 16:00:00,24.68830283153769,58.83338819603101,16,32
2023-02-01 17:00:00,32.11113745632518,65.5552076475764,17,32
2023-02-01 18:00:00,34.219017727777384,82.96954520291955,18,32
2023-02-01 19:00:00,24.618569070437783,58.1792707896592,19,32
2023-02-01 20:00:00,18.08139617186764,60.64146707265084,20,32
2023-02-01 21:00:00,32.5278648139124,67.89511043343104,21,32
2023-02-01 22:00:00,26.64894784793365,45.13921053304372,22,32
2023-02-01 23:00:00,15.604318789190652,87.31535748296454,23,32
2023-02-02 00:00:00,34.96015145576262,80.36357498456846,0,33
2023-02-02 01:00:00,27.220691436336825,89.98754830279466,1,33
2023-02-02 02:00:00,19.59637764825623,51.86741082637492,2,33
2023-02-02 03:00:00,30.54693584768426,76.46126618102164,3,33
2023-02-02 04:00:00,17.907911061004747,44.93043346666768,4,33
2023-02-02 05:00:00,26.25450545280083,80.39937689170132,5,33
2023-02-02 06:00:00,31.69968153251747,63.42268962652385,6,33
2023-02-02 07:00:00,27.35774644215069,74.29850756082628,7,33
2023-02-02 08:00:00,21.87555053869721,66.66112837198868,8,33
2023-02-02 09:00:00,23.870922454099265,71.44966593204428,9,33
2023-02-02 10:00:00,29.148846795852705,87.35625459617994,10,33
2023-02-02 11:00:00,20.747698529710966,65.7186365169894,11,33
2023-02-02 12:00:00,23.656039121404348,49.45748613484736,12,33
2023-02-02 13:00:00,32.26065049912263,64.11681798191695,13,33
2023-02-02 14:00:00,29.739097736206052,84.57316255155686,14,33
2023-02-02 15:00:00,26.78803522869801,44.38712164660937,15,33
2023-02-02 16:00:00,25.40772844192429,83.91035243755002,16,33
2023-02-02 17:00:00,28.950759843364622,58.11367788527072,17,33
2023-02-02 18:00:00,21.008234618666528,49.23095569079217,18,33
2023-02-02 19:00:00,22.931473222259346,41.7044602327948,19,33
2023-02-02 20:00:00,24.35132327456508,56.474499285577,20,33
2023-02-02 21:00:00,20.510592590877025,41.403496129984624,21,33
2023-02-02 22:00:00,17.490026442700323,58.17437668203464,22,33
2023-02-02 23:00:00,31.21351605389829,67.03510711232539,23,33
2023-02-03 00:00:00,21.391892374219918,43.52560325968128,0,34
2023-02-03 01:00:00,16.683834244892722,57.08746071387988,1,34
2023-02-03 02:00:00,27.71379797726493,60.040023322961616,2,34
2023-02-03 03:00:00,24.464232943156546,67.57160988065178,3,34
2023-02-03 04:00:00,17.717711911946733,43.608883027261165,4,34
2023-02-03 05:00:00,21.957413009087052,72.26223305187935,5,34
2023-02-03 06:00:00,27.8619694919119,41.48593939122551,6,34
2023-02-03 07:00:00,32.33943762510281,53.65718716297523,7,34
2023-02-03 08:00:00,22.52027610962948,89.41483176172865,8,34
2023-02-03 09:00:00,18.46803489238496,59.24202545700179,9,34
2023-02-03 10:00:00,25.46191332382884,87.40309415511163,10,34
2023-02-03 11:00:00,30.712118937242515,43.6909890588045,11,34
2023-02-03 12:00:00,23.831454651255903,86.1918650105558,12,34
2023-02-03 13:00:00,28.573573346889727,81.55950583778099,13,34
2023-02-03 14:00:00,19.386958176679208,81.91287533240363,14,34
2023-02-03 15:00:00,30.324904917057403,83.49756011646262,15,34
2023-02-03 16:00:00,32.534677434720535,52.798421418546,16,34
2023-02-03 17:00:00,15.68941696959427,50.19386868830761,17,34
2023-02-03 18:00:00,25.330547069296045,62.296103104181455,18,34
2023-02-03 19:00:00,17.415594775798592,59.58758034305224,19,34
2023-02-03 20:00:00,25.09715617576683,41.257326094231374,20,34
2023-02-03 21:00:00,25.91160456599709,60.38325645895845,21,34
2023-02-03 22:00:00,29.97876702696739,79.0831591297607,22,34
2023-02-03 23:00:00,16.680819999720192,67.56002418779991,23,34
2023-02-04 00:00:00,29.638292982717925,80.96473612408519,0,35
2023-02-04 01:00:00,19.366860800524726,60.22060441825364,1,35
2023-02-04 02:00:00,26.483859787520384,52.09794396466378,2,35
2023-02-04 03:00:00,34.19540479861551,45.55173179558968,3,35
2023-02-04 04:00:00,26.363567249622577,40.87797520996767,4,35
2023-02-04 05:00:00,16.31329135803529,64.02923885925793,5,35
2023-02-04 06:00:00,29.2129874920861,59.187820091703166,6,35
2023-02-04 07:00:00,19.40382492899362,47.368365812682114,7,35
2023-02-04 08:00:00,19.12700447863839,85.7547482490809,8,35
2023-02-04 09:00:00,26.97013974134173,50.50849249643247,9,35
2023-02-04 10:00:00,26.71870893264374,60.9179430982991,10,35
2023-02-04 11:00:00,23.94577529126372,79.03215032217182,11,35
2023-02-04 12:00:00,33.24709550025271,80.94845763487567,12,35
2023-02-04 13:00:00,25.666341860794184,58.838832761009776,13,35
2023-02-04 14:00:00,19.20790131333178,76.33476163455174,14,35
2023-02-04 15:00:00,21.288641882239205,64.78684459588897,15,35
2023-02-04 16:00:00,22.018098193516067,62.24411016191189,16,35
2023-02-04 17:00:00,24.898030375858077,88.51835639568608,17,35
2023-02-04 18:00:00,19.73347240388562,61.464307804479766,18,35
2023-02-04 19:00:00,26.27725385706573,48.20228050594061,19,35
2023-02-04 20:00:00,19.120638686598724,87.88053153769764,20,35
2023-02-04 21:00:00,34.55083112975622,43.52642848825048,21,35
2023-02-04 22:00:00,19.99704359323772,61.11662262831267,22,35
2023-02-04 23:00:00,26.4868989861742,67.31861903384177,23,35
2023-02-05 00:00:00,27.92624945728236,78.43580830389419,0,36
2023-02-05 01:00:00,16.404161958507657,45.06372621745112,1,36
2023-02-05 02:00:00,27.41214663934582,47.083716146933725,2,36
2023-02-05 03:00:00,15.626174869409862,49.78179171893341,3,36
2023-02-05 04:00:00,31.572346701074203,66.8817721102352,4,36
2023-02-05 05:00:00,26.213860075589675,75.5604216449617,5,36
2023-02-05 06:00:00,26.797134177261057,70.66017585128779,6,36
2023-02-05 07:00:00,17.74376524946616,51.9857329850278,7,36
2023-02-05 08:00:00,27.497134060600832,58.34958081347743,8,36
2023-02-05 09:00:00,26.5166157619482,52.606605014017696,9,36
2023-02-05 10:00:00,34.11585054555292,87.08189905198137,10,36
2023-02-05 11:00:00,18.90477923597819,73.7191045843569,11,36
2023-02-05 12:00:00,19.173416875143715,56.62394200341888,12,36
2023-02-05 13:00:00,33.95787465043908,43.51838746610308,13,36
2023-02-05 14:00:00,23.19415879774666,58.948516962949455,14,36
2023-02-05 15:00:00,31.88391369930008,83.10640707681839,15,36
2023-02-05 16:00:00,33.12150407469639,67.35463541173633,16,36
2023-02-05 17:00:00,30.749445399413048,66.74758716280562,17,36
2023-02-05 18:00:00,16.2418352768361,42.72558306428958,18,36
2023-02-05 19:00:00,22.915388613433453,80.60105371779764,19,36
2023-02-05 20:00:00,31.547662590263496,80.91409224873823,20,36
2023-02-05 21:00:00,22.636367857226794,51.05745964141119,21,36
2023-02-05 22:00:00,28.311387981907817,76.20092571642746,22,36
2023-02-05 23:00:00,32.458610914713766,76.80030809086847,23,36
2023-02-06 00:00:00,25.45409843158708,73.57772025357446,0,37
2023-02-06 01:00:00,16.503338320811224,77.1345716719965,1,37
2023-02-06 02:00:00,15.922578625788947,49.166670278473006,2,37
2023-02-06 03:00:00,29.920877847908987,85.73511617944395,3,37
2023-02-06 04:00:00,30.41764773923839,41.831118346602686,4,37
2023-02-06 05:00:00,20.005076998465263,42.94730526646463,5,37
2023-02-06 06:00:00,15.862624479402786,49.57500664808756,6,37
2023-02-06 07:00:00,23.49553189702572,43.10109340993151,7,37
2023-02-06 08:00:00,17.51070931092803,49.25342365802478,8,37
2023-02-06 09:00:00,15.44680252451298,87.31299580588312,9,37
2023-02-06 10:00:00,32.97206069114455,75.05851722043647,10,37
2023-02-06 11:00:00,23.89827571410649,87.90921363471864,11,37
2023-02-06 12:00:00,19.505061787193554,47.57156498636821,12,37
2023-02-06 13:00:00,27.344438364862786,43.09651168099126,13,37
2023-02-06 14:00:00,21.412895828661004,77.56173781371594,14,37
2023-02-06 15:00:00,31.67274335786049,83.00803030757811,15,37
2023-02-06 16:00:00,34.124542765708384,80.94394504381687,16,37
2023-02-06 17:00:00,30.861304520919184,55.593315556413,17,37
2023-02-06 18:00:00,16.024523373114484,75.82651766146085,18,37
2023-02-06 19:00:00,20.377152166144956,83.82222626370599,19,37
2023-02-06 20:00:00,29.341691753049595,64.65523268141305,20,37
2023-02-06 21:00:00,15.849434542620289,52.4192962820965,21,37
2023-02-06 22:00:00,29.831190918384927,75.33672665373842,22,37
2023-02-06 23:00:00,32.30738330893944,68.3980890521858,23,37
2023-02-07 00:00:00,21.40374401333213,53.878083752255584,0,38
2023-02-07 01:00:00,32.36883393166849,84.21091934827555,1,38
2023-02-07 02:00:00,28.190899183655738,89.25218146189425,2,38
2023-02-07 03:00:00,21.48769976843516,75.67846828502735,3,38
2023-02-07 04:00:00,19.976613279559803,64.2329860040592,4,38
2023-02-07 05:00:00,28.16016832315065,65.08635284793573,5,38
2023-02-07 06:00:00,26.511495539602727,61.83633937562959,6,38
2023-02-07 07:00:00,24.292790396684723,72.83764312115851,7,38
2023-02-07 08:00:00,15.930151815584225,56.49622161361391,8,38
2023-02-07 09:00:00,17.65958169582934,62.10373264816597,9,38
2023-02-07 10:00:00,22.196328104127723,76.48824312792536,10,38
2023-02-07 11:00:00,20.207041171139743,72.16545488796055,11,38
2023-02-07 12:00:00,17.37428608565035,80.60814645008747,12,38
2023-02-07 13:00:00,31.085740291071254,85.43935065382107,13,38
2023-02-07 14:00:00,30.579832931328717,44.83219913579851,14,38
2023-02-07 15:00:00,18.38722447634571,84.91682717602276,15,38
2023-02-07 16:00:00,32.204971924829366,55.426240346367145,16,38
2023-02-07 17:00:00,27.57577484566688,80.95611987530205,17,38
2023-02-07 18:00:00,34.19815624335307,67.90633129148435,18,38
2023-02-07 19:00:00,24.1814385901513,49.08876527280864,19,38
2023-02-07 20:00:00,18.57855236647932,45.60141799802796,20,38
2023-02-07 21:00:00,26.226008444486304,82.9183521360196,21,38
2023-02-07 22:00:00,15.660606540241844,59.39008570613292,22,38
2023-02-07 23:00:00,23.6789424732034,73.8716709684724,23,38
2023-02-08 00:00:00,21.879227566415523,64.19721758056797,0,39
2023-02-08 01:00:00,15.866323069566024,59.806240817281335,1,39
2023-02-08 02:00:00,15.461732602012624,69.33159139736811,2,39
2023-02-08 03:00:00,27.462165114487327,64.4610449994538,3,39
2023-02-08 04:00:00,16.26213978730908,87.46411500962154,4,39
2023-02-08 05:00:00,21.37560779076604,69.38264245157531,5,39
2023-02-08 06:00:00,16.42380456923528,72.03205430725623,6,39
2023-02-08 07:00:00,15.983196378469293,47.03812157384087,7,39
2023-02-08 08:00:00,17.526891950489883,51.83218820841672,8,39
2023-02-08 09:00:00,31.789201289998385,83.16094964991075,9,39
2023-02-08 10:00:00,28.3463365529312,56.71774333271151,10,39
2023-02-08 11:00:00,16.97317911681301,70.81334521623432,11,39
2023-02-08 12:00:00,15.700376045318142,75.7578202999762,12,39
2023-02-08 13:00:00,31.42512811565274,71.47854465473394,13,39
2023-02-08 14:00:00,31.737115682094306,48.85240456521762,14,39
2023-02-08 15:00:00,34.36408897128451,70.68436931684276,15,39
2023-02-08 16:00:00,30.72983696359973,68.6368015337705,16,39
2023-02-08 17:00:00,34.51536380435394,56.15129070966093,17,39
2023-02-08 18:00:00,29.315318110671637,72.71792324030449,18,39
2023-02-08 19:00:00,29.58239128626986,87.11036328606056,19,39
2023-02-08 20:00:00,16.184356261726226,62.79663276882632,20,39
2023-02-08 21:00:00,17.439976645866345,71.0956173054538,21,39
2023-02-08 22:00:00,21.22150566880154,89.99761848000117,22,39
2023-02-08 23:00:00,32.78397011357987,47.13418039739872,23,39
2023-02-09 00:00:00,22.06943997906854,76.22111638669028,0,40
2023-02-09 01:00:00,29.253318953781324,82.68050199558262,1,40
2023-02-09 02:00:00,22.2411450162306,77.61273221408375,2,40
2023-02-09 03:00:00,22.62019047267269,69.25237634408691,3,40
2023-02-09 04:00:00,33.38844789263263,78.97686348007129,4,40
2023-02-09 05:00:00,25.939040435570355,71.61829682370477,5,40
2023-02-09 06:00:00,32.78807577482908,65.3284397208051,6,40
2023-02-09 07:00:00,29.893390149940995,70.90533595530353,7,40
2023-02-09 08:00:00,28.477196212210583,60.784877289296645,8,40
2023-02-09 09:00:00,27.110719672608266,85.97215974170071,9,40
2023-02-09 10:00:00,34.3445720723675,53.09543704189355,10,40
2023-02-09 11:00:00,34.69584554112207,42.15755748570935,11,40
2023-02-09 12:00:00,29.99235591676749,40.4297813558323,12,40
2023-02-09 13:00:00,17.06811627613543,62.803118534550144,13,40
2023-02-09 14:00:00,19.310877624799677,45.63836734138053,14,40
2023-02-09 15:00:00,33.31932043311251,41.66747305376539,15,40
2023-02-09 16:00:00,21.15978444478805,41.54922950718457,16,40
2023-02-09 17:00:00,15.208374656421498,65.69874424985332,17,40
2023-02-09 18:00:00,30.665913885444645,80.4872387229006,18,40
2023-02-09 19:00:00,30.85755889775521,51.16901255237661,19,40
2023-02-09 20:00:00,29.601964947090107,79.25799870035729,20,40
2023-02-09 21:00:00,15.033171606880996,61.280491532112165,21,40
2023-02-09 22:00:00,19.69717910031374,77.54999351008445,22,40
2023-02-09 23:00:00,25.607395675891656,70.06256363066205,23,40
2023-02-10 00:00:00,23.19309275305686,71.02445726165291,0,41
2023-02-10 01:00:00,21.79615740666734,58.82575726791704,1,41
2023-02-10 02:00:00,18.32336633574379,65.44274539241127,2,41
2023-02-10 03:00:00,33.32407034872075,79.9947965612469,3,41
2023-02-10 04:00:00,30.68421583219084,65.80676394223065,4,41
2023-02-10 05:00:00,21.616148089219088,77.01511541002583,5,41
2023-02-10 06:00:00,24.25471252218348,49.19710016085431,6,41
2023-02-10 07:00:00,28.34739549268345,67.86071688472009,7,41
2023-02-10 08:00:00,34.269972569171166,72.34813828127943,8,41
2023-02-10 09:00:00,29.550983936652745,74.01712600781585,9,41
2023-02-10 10:00:00,21.8248851078752,85.27914460320477,10,41
2023-02-10 11:00:00,31.57706068788252,49.428390463377326,11,41
2023-02-10 12:00:00,33.38065338579988,89.49557639335444,12,41
2023-02-10 13:00:00,21.231630589968372,69.74125096935208,13,41
2023-02-10 14:00:00,20.721953861087904,83.35833543474456,14,41
2023-02-10 15:00:00,31.50812899523613,66.71651576352568,15,41
2023-02-10 16:00:00,22.36466339388863,55.66884046119627,16,41
2023-02-10 17:00:00,33.27746399443298,84.00037909131305,17,41
2023-02-10 18:00:00,29.642869369957797,81.46157718127478,18,41
2023-02-10 19:00:00,29.806873953364555,73.4396755839411,19,41
2023-02-10 20:00:00,25.451200022949543,75.1112415256228,20,41
2023-02-10 21:00:00,21.68168453995007,81.10541136334399,21,41
2023-02-10 22:00:00,23.61558575120247,87.465447079891,22,41
2023-02-10 23:00:00,19.11115844846685,55.66149864421549,23,41
2023-02-11 00:00:00,15.97164477533122,82.44528214416309,0,42
2023-02-11 01:00:00,18.13894182124422,89.61410723802052,1,42
2023-02-11 02:00:00,18.703109717308323,64.52004470520879,2,42
2023-02-11 03:00:00,22.80022717938637,42.62496200106417,3,42
2023-02-11 04:00:00,23.72148273659636,47.75525461932355,4,42
2023-02-11 05:00:00,32.36582507531163,74.30607948302135,5,42
2023-02-11 06:00:00,15.063303545464631,66.57702040693576,6,42
2023-02-11 07:00:00,28.026997949789163,64.94915664657798,7,42
2023-02-11 08:00:00,33.24051046663179,81.13366005703132,8,42
2023-02-11 09:00:00,32.079644182001985,48.76527085090544,9,42
2023-02-11 10:00:00,21.93754751280565,73.77493870015527,10,42
2023-02-11 11:00:00,16.64591763109823,68.97003610338945,11,42
2023-02-11 12:00:00,25.31098611128329,82.79246768205908,12,42
2023-02-11 13:00:00,18.166738065313208,61.25900206711464,13,42
2023-02-11 14:00:00,17.480903336205277,55.38408914166026,14,42
2023-02-11 15:00:00,18.965259154462597,48.266279616148935,15,42
2023-02-11 16:00:00,19.65475979596153,59.75412455936025,16,42
2023-02-11 17:00:00,31.042225783806327,46.32643395790132,17,42
2023-02-11 18:00:00,23.585137550569904,76.81317365234358,18,42
2023-02-11 19:00:00,26.545556452484696,53.02895635462386,19,42
2023-02-11 20:00:00,28.50022438893198,46.11271963218185,20,42
2023-02-11 21:00:00,29.36872305004359,65.93201359101205,21,42
2023-02-11 22:00:00,16.250458548001575,67.17225003957651,22,42
2023-02-11 23:00:00,16.152740950822047,48.30332177322509,23,42
2023-02-12 00:00:00,23.73256111627611,82.64859325055573,0,43
2023-02-12 01:00:00,23.597637384672822,73.24178330972666,1,43
2023-02-12 02:00:00,25.61615333831712,56.22262131962137,2,43
2023-02-12 03:00:00,22.271320185659437,46.66170029464638,3,43
2023-02-12 04:00:00,30.015176015430796,52.286551466343695,4,43
2023-02-12 05:00:00,19.04117669270689,53.273494973000126,5,43
2023-02-12 06:00:00,33.22705399694112,88.30645413653428,6,43
2023-02-12 07:00:00,34.367289219472354,41.07078989448447,7,43
2023-02-12 08:00:00,26.819357104990985,66.07461573387206,8,43
2023-02-12 09:00:00,18.205566917042734,53.614971610715486,9,43
2023-02-12 10:00:00,19.449689165928483,52.22803646654318,10,43
2023-02-12 11:00:00,27.412272376238874,80.4917087769107,11,43
2023-02-12 12:00:00,18.373829937033552,57.38853884635088,12,43
2023-02-12 13:00:00,34.05652784239656,69.24962219317553,13,43
2023-02-12 14:00:00,21.21859774929129,77.64272345686905,14,43
2023-02-12 15:00:00,18.878090721226368,84.49250477511194,15,43
2023-02-12 16:00:00,17.852142371704556,77.54991060574946,16,43
2023-02-12 17:00:00,21.40804240652941,65.58096656317072,17,43
2023-02-12 18:00:00,21.34499881338975,46.39147169918655,18,43
2023-02-12 19:00:00,25.0525919958902,60.36050985550609,19,43
2023-02-12 20:00:00,18.9835739162989,88.0462215838261,20,43
2023-02-12 21:00:00,19.52281712099986,41.96516672523557,21,43
2023-02-12 22:00:00,25.73389835343089,54.64461119990111,22,43
2023-02-12 23:00:00,15.669441907967332,82.91444723647905,23,43
2023-02-13 00:00:00,15.027554697288677,47.520242628713454,0,44
2023-02-13 01:00:00,31.684239918941618,64.9463022728315,1,44
2023-02-13 02:00:00,29.41064327325764,79.15381585502477,2,44
2023-02-13 03:00:00,32.54035689996902,40.24067751549342,3,44
2023-02-13 04:00:00,33.90384036842579,78.96353439355795,4,44
2023-02-13 05:00:00,23.328570558613308,64.60233911396993,5,44
2023-02-13 06:00:00,32.651114238864466,78.84867927293018,6,44
2023-02-13 07:00:00,26.31115559777184,89.67290904156665,7,44
2023-02-13 08:00:00,34.599534679151326,49.19169360044828,8,44
2023-02-13 09:00:00,27.60312050993509,43.627727087964224,9,44
2023-02-13 10:00:00,20.863766697455077,79.34596239807325,10,44
2023-02-13 11:00:00,19.516756132012787,72.24248961514485,11,44
2023-02-13 12:00:00,24.21044349966193,44.50307293407855,12,44
2023-02-13 13:00:00,34.471850903111665,46.63030509318031,13,44
2023-02-13 14:00:00,33.19740256336409,73.80192077748532,14,44
2023-02-13 15:00:00,34.919069631199946,77.30461802107953,15,44
2023-02-13 16:00:00,25.25559549680636,87.48530202723597,16,44
2023-02-13 17:00:00,34.09028647647286,41.59112928081109,17,44
2023-02-13 18:00:00,24.098239029941723,86.56518262850301,18,44
2023-02-13 19:00:00,16.28071586488606,88.88085791975305,19,44
2023-02-13 20:00:00,20.76190843744205,64.86114979218857,20,44
2023-02-13 21:00:00,33.18955748183215,66.48099920328495,21,44
2023-02-13 22:00:00,30.79102749462432,50.9736224554764,22,44
2023-02-13 23:00:00,32.066305182041575,51.541473902889415,23,44
2023-02-14 00:00:00,16.91815445575657,43.37710414475122,0,45
2023-02-14 01:00:00,19.99090154879878,81.74701095468174,1,45
2023-02-14 02:00:00,32.386893504708816,77.06304183672653,2,45
2023-02-14 03:00:00,15.226713905927252,51.222957133611104,3,45
2023-02-14 04:00:00,20.05120504558801,55.03029195394437,4,45
2023-02-14 05:00:00,26.093391675196347,42.98749217756718,5,45
2023-02-14 06:00:00,27.86018662258577,59.03272102440979,6,45
2023-02-14 07:00:00,34.14559689488183,52.54084603628399,7,45
2023-02-14 08:00:00,23.66878587506132,40.24309658364195,8,45
2023-02-14 09:00:00,30.2072168477359,71.03291068395124,9,45
2023-02-14 10:00:00,25.84259289092272,54.38111945467607,10,45
2023-02-14 11:00:00,33.35655929584041,72.42806778818641,11,45
2023-02-14 12:00:00,23.107861284962105,64.08615825828706,12,45
2023-02-14 13:00:00,27.373729731219967,80.56742528195855,13,45
2023-02-14 14:00:00,32.04104588423141,65.18120873156252,14,45
2023-02-14 15:00:00,29.05829947901551,84.15213567582475,15,45
2023-02-14 16:00:00,33.551728185449555,56.08599685121497,16,45
2023-02-14 17:00:00,33.841194937983715,82.69952393069397,17,45
2023-02-14 18:00:00,25.89870738674465,61.58398493854443,18,45
2023-02-14 19:00:00,25.01082973439888,49.868010907773126,19,45
2023-02-14 20:00:00,28.966031443437917,83.1194616729482,20,45
2023-02-14 21:00:00,29.884151515699067,88.05564942882779,21,45
2023-02-14 22:00:00,18.984291671112857,57.701008659959626,22,45
2023-02-14 23:00:00,30.062694457469757,66.01759476838834,23,45
2023-02-15 00:00:00,25.8330659091763,73.97851125722865,0,46
2023-02-15 01:00:00,22.624089542607763,53.35706232765461,1,46
2023-02-15 02:00:00,18.76980259573282,75.06030997488418,2,46
2023-02-15 03:00:00,22.664095380370984,59.72239329866439,3,46
2023-02-15 04:00:00,20.841712514582845,60.46367097835199,4,46
2023-02-15 05:00:00,27.53447733168332,75.4440073975174,5,46
2023-02-15 06:00:00,30.03464400134772,69.72886715442436,6,46
2023-02-15 07:00:00,18.522686579930973,61.38466563945924,7,46
2023-02-15 08:00:00,19.38128311930708,78.64459182962617,8,46
2023-02-15 09:00:00,23.385340370738835,67.01811857551175,9,46
2023-02-15 10:00:00,28.93866708736681,89.94297647149888,10,46
2023-02-15 11:00:00,20.08897951619744,44.08540755054122,11,46
2023-02-15 12:00:00,21.28409043073118,67.15062775455553,12,46
2023-02-15 13:00:00,22.365625295528524,63.05135485368277,13,46
2023-02-15 14:00:00,20.953178499151804,44.50631971816327,14,46
2023-02-15 15:00:00,20.996622128015108,58.72122716769381,15,46
2023-02-15 16:00:00,19.082697755445665,40.48913892664944,16,46
2023-02-15 17:00:00,17.383057661753128,57.77184306337288,17,46
2023-02-15 18:00:00,34.071401340307936,48.11356175981041,18,46
2023-02-15 19:00:00,21.803662905963307,77.50955050276775,19,46
2023-02-15 20:00:00,34.80029944862477,53.88572680790659,20,46
2023-02-15 21:00:00,18.75948978007671,48.58526946316539,21,46
2023-02-15 22:00:00,21.221554101911376,41.929814306798654,22,46
2023-02-15 23:00:00,25.263742667390204,56.89384275553391,23,46
2023-02-16 00:00:00,19.190699779846007,59.22347877886311,0,47
2023-02-16 01:00:00,21.26446533269426,48.42689006806946,1,47
2023-02-16 02:00:00,24.07932419884057,68.14089652065145,2,47
2023-02-16 03:00:00,29.68752157946658,64.35475836568015,3,47
2023-02-16 04:00:00,26.53351073577425,44.09400521957575,4,47
2023-02-16 05:00:00,24.275644275277365,80.84424758107889,5,47
2023-02-16 06:00:00,34.729716696389225,86.41139756701071,6,47
2023-02-16 07:00:00,32.74624653600908,75.8595285326149,7,47
2023-02-16 08:00:00,28.112475874254912,58.649198074890464,8,47
2023-02-16 09:00:00,21.55205228796835,84.95163063978103,9,47
2023-02-16 10:00:00,23.22177989318625,42.12738394593034,10,47
2023-02-16 11:00:00,31.27131359611672,82.43863172627903,11,47
2023-02-16 12:00:00,32.23099770744234,88.44786253447397,12,47
2023-02-16 13:00:00,27.95800885074284,60.74890439470343,13,47
2023-02-16 14:00:00,20.268215878156816,64.5108766661522,14,47
2023-02-16 15:00:00,16.948767271356296,65.31046722214012,15,47
2023-02-16 16:00:00,27.995175793080477,83.93637984709684,16,47
2023-02-16 17:00:00,23.303882862226693,77.27017391376702,17,47
2023-02-16 18:00:00,27.863257474316757,43.85711987824153,18,47
2023-02-16 19:00:00,20.75741015162243,61.97706172283877,19,47
2023-02-16 20:00:00,32.95638888034612,47.39148028651185,20,47
2023-02-16 21:00:00,33.778559862605135,72.34831284408787,21,47
2023-02-16 22:00:00,34.68884730456821,61.801878159541,22,47
2023-02-16 23:00:00,20.580603646653323,47.34314654167908,23,47
2023-02-17 00:00:00,32.486956552387895,49.04849305129679,0,48
2023-02-17 01:00:00,19.56198558644036,84.89129648063394,1,48
2023-02-17 02:00:00,32.91334109134672,55.34345683199729,2,48
2023-02-17 03:00:00,15.53834165610191,46.85296471039125,3,48
2023-02-17 04:00:00,30.683104016156545,42.363129884467455,4,48
2023-02-17 05:00:00,25.64683701567085,85.65513620877665,5,48
2023-02-17 06:00:00,19.119284399403742,54.82349590826234,6,48
2023-02-17 07:00:00,19.88631930548332,86.16349999219156,7,48
2023-02-17 08:00:00,30.866703917380622,68.66617434649827,8,48
2023-02-17 09:00:00,18.107023200528012,45.25496101106677,9,48
2023-02-17 10:00:00,24.44474112683084,65.24895984241765,10,48
2023-02-17 11:00:00,24.954808539147912,66.36678252176955,11,48
2023-02-17 12:00:00,31.344575200889963,47.79527406274176,12,48
2023-02-17 13:00:00,22.853798663157924,64.01917152028398,13,48
2023-02-17 14:00:00,30.037720633821177,42.84494858463595,14,48
2023-02-17 15:00:00,22.36006566028392,61.03456617555258,15,48
2023-02-17 16:00:00,22.73248260750425,46.09418704270864,16,48
2023-02-17 17:00:00,16.688611391960855,68.25714319654018,17,48
2023-02-17 18:00:00,17.140895414765197,79.83861572248277,18,48
2023-02-17 19:00:00,29.980352922782515,89.20531575348244,19,48
2023-02-17 20:00:00,25.372209861788072,58.75398859559,20,48
2023-02-17 21:00:00,17.366799949108895,59.20524674152384,21,48
2023-02-17 22:00:00,18.69719628968248,47.52162824898073,22,48
2023-02-17 23:00:00,15.985536941444511,51.74043035278049,23,48
2023-02-18 00:00:00,20.06741899746922,81.6241777265623,0,49
2023-02-18 01:00:00,16.76582391711427,62.63535160344952,1,49
2023-02-18 02:00:00,20.929867067530576,45.57036082616784,2,49
2023-02-18 03:00:00,22.46169304317417,48.9512340394196,3,49
2023-02-18 04:00:00,15.105176714251847,48.71247173537908,4,49
2023-02-18 05:00:00,22.5003137733067,88.19402824096508,5,49
2023-02-18 06:00:00,30.0643280497628,66.223969815374,6,49
2023-02-18 07:00:00,18.270171880707,67.6653555131165,7,49
2023-02-18 08:00:00,25.810608272573205,49.161529503996206,8,49
2023-02-18 09:00:00,31.911146944664885,61.73187928192466,9,49
2023-02-18 10:00:00,17.45748832981093,48.1747186910826,10,49
2023-02-18 11:00:00,23.92032726915096,71.80566386399317,11,49
2023-02-18 12:00:00,34.8613384758674,84.7397050403417,12,49
2023-02-18 13:00:00,24.64980021578205,63.16483922928519,13,49
2023-02-18 14:00:00,19.64311151699201,69.34222159895153,14,49
2023-02-18 15:00:00,17.159924351007017,70.96446521823742,15,49
2023-02-18 16:00:00,34.70616245705529,71.64126779289509,16,49
2023-02-18 17:00:00,31.574719230262563,80.9078328699342,17,49
2023-02-18 18:00:00,21.025498898399075,67.3762581752147,18,49
2023-02-18 19:00:00,29.14500233051419,78.21194440025295,19,49
2023-02-18 20:00:00,32.177444458025604,43.7923597124628,20,49
2023-02-18 21:00:00,33.84651445123208,69.5154663530602,21,49
2023-02-18 22:00:00,28.527367326699537,82.59219328529919,22,49
2023-02-18 23:00:00,31.475671320957545,69.54527978624631,23,49
2023-02-19 00:00:00,17.82384286157349,74.51396914348639,0,50
2023-02-19 01:00:00,19.001026900942115,53.903599631256654,1,50
2023-02-19 02:00:00,29.57847920166703,88.52325194247808,2,50
2023-02-19 03:00:00,15.12761534209682,84.80571663409111,3,50
2023-02-19 04:00:00,25.851891729813826,45.85317856246376,4,50
2023-02-19 05:00:00,28.217659175364,44.29205195323843,5,50
2023-02-19 06:00:00,29.336207534851663,60.13908879970006,6,50
2023-02-19 07:00:00,20.520503147006067,41.20017444524601,7,50
2023-02-19 08:00:00,15.533107336309,48.4718322824104,8,50
2023-02-19 09:00:00,29.106953193345632,88.99364165714329,9,50
2023-02-19 10:00:00,27.069582281146964,50.12368724621902,10,50
2023-02-19 11:00:00,17.35651751774504,85.53641598596823,11,50
2023-02-19 12:00:00,29.610386558980743,58.71764471879308,12,50
2023-02-19 13:00:00,27.39434663116248,71.58432739250298,13,50
2023-02-19 14:00:00,30.811116067680608,54.877192082147175,14,50
2023-02-19 15:00:00,19.74316615673899,73.43552185129383,15,50
2023-02-19 16:00:00,33.67211905096323,68.79152693520116,16,50
2023-02-19 17:00:00,27.661048301788117,40.01283791638386,17,50
2023-02-19 18:00:00,29.9304523175038,66.25232013777726,18,50
2023-02-19 19:00:00,26.802869266164837,71.42158438673201,19,50
2023-02-19 20:00:00,18.079548451815896,71.84396754128429,20,50
2023-02-19 21:00:00,26.888949818458435,81.1048325544553,21,50
2023-02-19 22:00:00,16.447935240026748,87.0156226847933,22,50
2023-02-19 23:00:00,27.78129836810873,65.77245387127672,23,50
2023-02-20 00:00:00,18.50054783829559,70.15219346573475,0,51
2023-02-20 01:00:00,28.625017018931462,72.76535515981904,1,51
2023-02-20 02:00:00,27.111181184170235,80.22485971392518,2,51
2023-02-20 03:00:00,32.705656662252935,44.27798435259032,3,51
2023-02-20 04:00:00,34.452420075550904,43.70894795935328,4,51
2023-02-20 05:00:00,28.424743523417,57.02839715029316,5,51
2023-02-20 06:00:00,16.85663667291258,45.03306672706754,6,51
2023-02-20 07:00:00,29.39308455285498,76.93528884116728,7,51
2023-02-20 08:00:00,29.38498337533217,61.09171748722351,8,51
2023-02-20 09:00:00,19.30490138681425,80.85133479203446,9,51
2023-02-20 10:00:00,26.684700528174,55.50335192682051,10,51
2023-02-20 11:00:00,22.75163243068218,52.91177018764082,11,51
2023-02-20 12:00:00,25.8400679466412,89.39282729551837,12,51
2023-02-20 13:00:00,25.539433320412964,60.63632222103936,13,51
2023-02-20 14:00:00,21.41175534702086,63.7528154395138,14,51
2023-02-20 15:00:00,28.1588507736364,70.2872141894172,15,51
2023-02-20 16:00:00,34.075501442991865,60.83504019672476,16,51
2023-02-20 17:00:00,21.554453635262597,53.52891019826296,17,51
2023-02-20 18:00:00,26.461352547280867,53.09366176430549,18,51
2023-02-20 19:00:00,27.4352417106802,64.0258355989796,19,51
2023-02-20 20:00:00,32.11938621835121,76.36770852097578,20,51
2023-02-20 21:00:00,28.244326513565056,68.17942869639194,21,51
2023-02-20 22:00:00,29.55754683832144,61.21974415036978,22,51
2023-02-20 23:00:00,25.233820982181744,88.25365754391746,23,51
2023-02-21 00:00:00,19.1325357364132,69.91445858687028,0,52
2023-02-21 01:00:00,28.07533372935177,76.50724718941885,1,52
2023-02-21 02:00:00,20.454908484589836,47.25223919926285,2,52
2023-02-21 03:00:00,30.109967071882107,87.5386174122969,3,52
2023-02-21 04:00:00,25.642784142483933,43.205170290939606,4,52
2023-02-21 05:00:00,34.04314212324199,64.70513321736587,5,52
2023-02-21 06:00:00,27.92699364465416,89.60398922600925,6,52
2023-02-21 07:00:00,15.430018652231867,75.02961212026516,7,52
2023-02-21 08:00:00,27.976979003857096,61.71544145093549,8,52
2023-02-21 09:00:00,32.3911228375304,84.9993977468947,9,52
2023-02-21 10:00:00,28.076022954903813,84.68775369968239,10,52
2023-02-21 11:00:00,26.90712561359971,48.67807183351147,11,52
2023-02-21 12:00:00,27.921671410252,75.43932540790016,12,52
2023-02-21 13:00:00,17.524165592169336,43.47342014784456,13,52
2023-02-21 14:00:00,20.477125646301857,63.98239385075916,14,52
2023-02-21 15:00:00,19.488174505238348,44.947187071225486,15,52
2023-02-21 16:00:00,23.248452916086045,82.56630351440704,16,52
2023-02-21 17:00:00,18.332069037265903,72.53214866743295,17,52
2023-02-21 18:00:00,32.12368066767448,71.71451776867183,18,52
2023-02-21 19:00:00,31.70268542948547,83.15393389319692,19,52
2023-02-21 20:00:00,23.376538230152143,83.323255173745,20,52
2023-02-21 21:00:00,24.656494554899705,60.048860341322346,21,52
2023-02-21 22:00:00,16.333217398079583,84.18878818374098,22,52
2023-02-21 23:00:00,15.80823850875407,47.32082865441748,23,52
2023-02-22 00:00:00,19.0012645264036,70.38194834180942,0,53
2023-02-22 01:00:00,23.36032755877023,57.45895882062103,1,53
2023-02-22 02:00:00,30.49362889164196,46.738042076576654,2,53
2023-02-22 03:00:00,26.97272209535184,54.006771188897,3,53
2023-02-22 04:00:00,30.514428900182264,59.82038125148459,4,53
2023-02-22 05:00:00,17.50264707715056,56.16834170342651,5,53
2023-02-22 06:00:00,33.992430516705454,70.16526606147971,6,53
2023-02-22 07:00:00,25.169849574473087,60.865511713981775,7,53
2023-02-22 08:00:00,26.208514364802497,71.931632959133,8,53
2023-02-22 09:00:00,20.86171565173295,72.8094933955434,9,53
2023-02-22 10:00:00,19.83984519111991,54.00059706639819,10,53
2023-02-22 11:00:00,20.514435626180827,81.7704108690607,11,53
2023-02-22 12:00:00,24.13291181114409,86.06204346314573,12,53
2023-02-22 13:00:00,15.48416604046218,51.269887645735686,13,53
2023-02-22 14:00:00,16.41890673464894,78.95970721895851,14,53
2023-02-22 15:00:00,31.286564768069905,41.864181426565295,15,53
2023-02-22 16:00:00,16.229173749614823,57.15906111492215,16,53
2023-02-22 17:00:00,15.34545530176435,86.09819564158033,17,53
2023-02-22 18:00:00,31.599703183107323,71.46816069761465,18,53
2023-02-22 19:00:00,30.004186755378896,68.9592265997227,19,53
2023-02-22 20:00:00,27.927052905290857,79.3452745812832,20,53
2023-02-22 21:00:00,32.61114114758448,75.57298237650573,21,53
2023-02-22 22:00:00,21.78442960809814,89.16829192606637,22,53
2023-02-22 23:00:00,27.61254338808218,52.24675161910754,23,53
2023-02-23 00:00:00,29.614782532559985,53.89362281652956,0,54
2023-02-23 01:00:00,20.01495566201668,86.25189289225192,1,54
2023-02-23 02:00:00,27.48911618099431,77.36301503624324,2,54
2023-02-23 03:00:00,15.240067332460566,58.07768018747099,3,54
2023-02-23 04:00:00,23.466329353756944,74.0462653682454,4,54
2023-02-23 05:00:00,17.339808454695802,82.61440391230718,5,54
2023-02-23 06:00:00,29.798446886045745,70.73859498561382,6,54
2023-02-23 07:00:00,17.37924173054355,89.2209839822603,7,54
2023-02-23 08:00:00,18.76378074381537,44.41454899491441,8,54
2023-02-23 09:00:00,16.40666671250407,64.8024857035087,9,54
2023-02-23 10:00:00,26.89411399048048,70.09149707296861,10,54
2023-02-23 11:00:00,23.47219124843829,75.94685647810356,11,54
2023-02-23 12:00:00,28.83827690359604,55.870162115434766,12,54
2023-02-23 13:00:00,19.94850548174533,41.253511059882186,13,54
2023-02-23 14:00:00,18.526921344073923,45.87246921427192,14,54
2023-02-23 15:00:00,27.49083028135859,52.71345490433055,15,54
2023-02-23 16:00:00,34.35743176328616,71.32075469399076,16,54
2023-02-23 17:00:00,29.72948707003394,50.731154138926016,17,54
2023-02-23 18:00:00,29.642366986207943,74.32070179780456,18,54
2023-02-23 19:00:00,33.19287805607317,81.99361049666479,19,54
2023-02-23 20:00:00,34.30408662276773,46.08744673572238,20,54
2023-02-23 21:00:00,27.37848043882492,66.92654885745274,21,54
2023-02-23 22:00:00,34.07878883110934,74.20432295678042,22,54
2023-02-23 23:00:00,33.11132199188644,82.34746048832694,23,54
2023-02-24 00:00:00,15.622011869470796,60.34076310663491,0,55
2023-02-24 01:00:00,25.590179360674828,68.63888008210589,1,55
2023-02-24 02:00:00,31.385005381213087,78.08516873631523,2,55
2023-02-24 03:00:00,23.934561711534705,42.367387689265406,3,55
2023-02-24 04:00:00,22.6497303636296,67.60423318284855,4,55
2023-02-24 05:00:00,31.54324014749633,75.00777005652799,5,55
2023-02-24 06:00:00,27.693453229461216,68.84605910725003,6,55
2023-02-24 07:00:00,25.158852891593625,64.68216477395772,7,55
2023-02-24 08:00:00,29.10094857891315,78.9522953051632,8,55
2023-02-24 09:00:00,21.1631658080535,80.19433529246808,9,55
2023-02-24 10:00:00,16.89389410413741,42.94676965833197,10,55
2023-02-24 11:00:00,15.360424369145049,82.57981672739407,11,55
2023-02-24 12:00:00,18.48457819198131,47.49389502555955,12,55
2023-02-24 13:00:00,27.10343145581152,72.89250707190759,13,55
2023-02-24 14:00:00,30.491224101815448,49.91180640341368,14,55
2023-02-24 15:00:00,23.77953974063187,64.53603570713744,15,55
2023-02-24 16:00:00,25.37382253007296,89.90006477233132,16,55
2023-02-24 17:00:00,29.062221813973192,74.74301891172428,17,55
2023-02-24 18:00:00,21.094621708362773,54.65639423278998,18,55
2023-02-24 19:00:00,23.11057484583414,60.77269615609772,19,55
2023-02-24 20:00:00,22.001906846480583,67.74970665015454,20,55
2023-02-24 21:00:00,28.9543908249438,64.89747611922903,21,55
2023-02-24 22:00:00,31.95436149691092,65.16189047786992,22,55
2023-02-24 23:00:00,29.50176142078957,47.32679607912921,23,55
2023-02-25 00:00:00,23.646035578494097,85.4238125914633,0,56
2023-02-25 01:00:00,23.283935411487874,85.9115464324889,1,56
2023-02-25 02:00:00,27.54537617274116,70.75917348216309,2,56
2023-02-25 03:00:00,17.64936348881677,60.17778496630237,3,56
2023-02-25 04:00:00,18.02538569911939,79.40456454081432,4,56
2023-02-25 05:00:00,23.375760441201617,60.69874568221948,5,56
2023-02-25 06:00:00,26.68132984918683,82.14539761329888,6,56
2023-02-25 07:00:00,22.082225516476385,87.10630382792289,7,56
2023-02-25 08:00:00,34.587255906369734,66.76715851675877,8,56
2023-02-25 09:00:00,18.552414954473253,40.69208926708876,9,56
2023-02-25 10:00:00,21.963750212736304,85.11288275495176,10,56
2023-02-25 11:00:00,24.13745242970285,56.01772977254693,11,56
2023-02-25 12:00:00,26.66045136617393,42.25298314194035,12,56
2023-02-25 13:00:00,22.990990911908572,78.4971987214932,13,56
2023-02-25 14:00:00,30.909447740832302,53.75460671814984,14,56
2023-02-25 15:00:00,16.640625914266124,72.3583851245925,15,56
2023-02-25 16:00:00,31.09627390709039,77.04746147309723,16,56
2023-02-25 17:00:00,21.44019311372645,61.50817153511731,17,56
2023-02-25 18:00:00,18.55086886342674,40.93792779593424,18,56
2023-02-25 19:00:00,16.589414218219925,48.14379814867361,19,56
2023-02-25 20:00:00,28.016521384392505,59.1088991746029,20,56
2023-02-25 21:00:00,29.879663682695416,40.184824292604816,21,56
2023-02-25 22:00:00,33.88289189651327,59.41629674834417,22,56
2023-02-25 23:00:00,18.81256706306939,54.37072462765073,23,56
2023-02-26 00:00:00,22.685069842882072,75.06573803213914,0,57
2023-02-26 01:00:00,25.844769181796337,46.485073440528566,1,57
2023-02-26 02:00:00,17.12408760094255,54.71621857715336,2,57
2023-02-26 03:00:00,16.132877149845463,67.59998864736073,3,57
2023-02-26 04:00:00,24.248605605547667,71.56459607216742,4,57
2023-02-26 05:00:00,31.177388771121898,42.36242982052175,5,57
2023-02-26 06:00:00,33.81965351023233,89.29610932355486,6,57
2023-02-26 07:00:00,19.596794365149805,74.55823494424251,7,57
2023-02-26 08:00:00,19.347464384919345,69.957578141872,8,57
2023-02-26 09:00:00,23.028088094070636,56.61446604072325,9,57
2023-02-26 10:00:00,21.3434167353298,74.72170409619639,10,57
2023-02-26 11:00:00,34.32239978718611,76.31080041623912,11,57
2023-02-26 12:00:00,29.12585181040203,88.72100588548363,12,57
2023-02-26 13:00:00,20.383111425319708,69.84381184802304,13,57
2023-02-26 14:00:00,17.189341311328977,45.98600642551453,14,57
2023-02-26 15:00:00,28.860684341761605,60.96630856780904,15,57
2023-02-26 16:00:00,33.98912972497419,88.32519178053988,16,57
2023-02-26 17:00:00,30.112373416399564,68.86048026061667,17,57
2023-02-26 18:00:00,31.03280053346583,44.2752403121292,18,57
2023-02-26 19:00:00,24.3005756065298,67.19754520450886,19,57
2023-02-26 20:00:00,26.19493814517657,59.884389955596944,20,57
2023-02-26 21:00:00,16.04876145768684,86.33962512902883,21,57
2023-02-26 22:00:00,21.745567266707628,80.91490502012738,22,57
2023-02-26 23:00:00,20.11512727401216,45.82161548819674,23,57
2023-02-27 00:00:00,33.73702958767484,81.62197826209876,0,58
2023-02-27 01:00:00,19.08869708033653,52.20727199399168,1,58
2023-02-27 02:00:00,29.505039710767427,86.66736894600223,2,58
2023-02-27 03:00:00,16.37044000869462,62.13258996400453,3,58
2023-02-27 04:00:00,28.798473319639506,69.38922603351435,4,58
2023-02-27 05:00:00,27.89289525324431,76.92428280121752,5,58
2023-02-27 06:00:00,18.054374697709957,48.39650758384277,6,58
2023-02-27 07:00:00,15.012185766319874,41.81901652784188,7,58
2023-02-27 08:00:00,33.903500760073925,70.82590007140124,8,58
2023-02-27 09:00:00,23.909272217795827,73.07115636321967,9,58
2023-02-27 10:00:00,31.904669080541467,53.08887665262405,10,58
2023-02-27 11:00:00,26.101849641154065,63.88046949126638,11,58
2023-02-27 12:00:00,28.87799472400082,41.255865062261336,12,58
2023-02-27 13:00:00,22.019763626510656,87.95257798589995,13,58
2023-02-27 14:00:00,24.211614693594957,88.77502002360279,14,58
2023-02-27 15:00:00,16.310532176303138,54.05698592076287,15,58
2023-02-27 16:00:00,16.210751502451807,84.45919286391529,16,58
2023-02-27 17:00:00,30.15798821958193,79.86041515715311,17,58
2023-02-27 18:00:00,23.636011858197207,56.10492953949478,18,58
2023-02-27 19:00:00,21.15137232316493,81.41693651220515,19,58
2023-02-27 20:00:00,15.19294814685657,78.75913765309443,20,58
2023-02-27 21:00:00,33.76244630646781,52.39016616057502,21,58
2023-02-27 22:00:00,15.65290924259867,60.88718389725742,22,58
2023-02-27 23:00:00,19.62075106708984,76.41201784416177,23,58
2023-02-28 00:00:00,17.016540859887293,76.44933354760849,0,59
2023-02-28 01:00:00,33.46449774709789,83.67104855058184,1,59
2023-02-28 02:00:00,21.918562703867664,69.22579231925899,2,59
2023-02-28 03:00:00,22.85743380975898,67.11908719628391,3,59
2023-02-28 04:00:00,15.799419762659708,74.18875809714964,4,59
2023-02-28 05:00:00,27.93512286627847,52.44106750366702,5,59
2023-02-28 06:00:00,19.066702761122134,85.25949769462397,6,59
2023-02-28 07:00:00,17.56908317894965,78.5828395697601,7,59
2023-02-28 08:00:00,20.95448403657396,72.50344544619418,8,59
2023-02-28 09:00:00,21.623199543539613,80.31678633455925,9,59
2023-02-28 10:00:00,20.130794866536604,72.1315759005881,10,59
2023-02-28 11:00:00,24.387114929083275,55.205286336382194,11,59
2023-02-28 12:00:00,33.962503242064884,81.67277508941407,12,59
2023-02-28 13:00:00,29.904054192642644,58.38511091818691,13,59
2023-02-28 14:00:00,23.2693407490953,42.897309068486585,14,59
2023-02-28 15:00:00,25.654892393232466,48.30780192766477,15,59
2023-02-28 16:00:00,15.965236982430008,73.93926908002726,16,59
2023-02-28 17:00:00,27.98012420975716,49.67516051553047,17,59
2023-02-28 18:00:00,28.51671679032373,55.85526748735981,18,59
2023-02-28 19:00:00,23.115744334030158,79.08735385951232,19,59
2023-02-28 20:00:00,33.24635382682229,59.16938888926667,20,59
2023-02-28 21:00:00,32.291740786663425,62.57133515105444,21,59
2023-02-28 22:00:00,25.834251113325436,88.65770494150532,22,59
2023-02-28 23:00:00,15.590843048601508,57.02428293480256,23,59
2023-03-01 00:00:00,15.526221508191076,44.31052810446145,0,60
